"Event_Name","Event_date","Latitude","Longitude","Venue_Name","Event_ID","Region"
"Charity",2024-06-16,55.6918810326127,12.390957962475,"Albertslund","event_1","Hovedstaden"
"Cars & Boats & Planes",2024-06-16,55.6510854226743,12.3354167017654,"Albertslund","event_2","Hovedstaden"
"Food & Drink",2024-06-16,55.6864839221409,12.3818599208322,"Albertslund","event_3","Hovedstaden"
"Art",2024-06-24,55.8195815394397,12.3116089149745,"Allerød","event_4","Hovedstaden"
"Spirituality",2024-06-24,55.85701286508,12.3303226423146,"Allerød","event_5","Hovedstaden"
"Charity",2024-06-24,55.8763925928369,12.3054626205263,"Allerød","event_6","Hovedstaden"
"Charity",2024-06-02,55.312826903575,10.2393186478147,"Assens","event_7","Syddanmark"
"Cars & Boats & Planes",2024-06-02,55.2238428870698,10.0858856374516,"Assens","event_8","Syddanmark"
"Music",2024-06-02,55.2279916237663,9.96503295454591,"Assens","event_9","Syddanmark"
"Health",2024-06-02,55.2441088793166,9.99428723972963,"Assens","event_10","Syddanmark"
"Film & Media",2024-06-02,55.3534105189822,9.99219495805182,"Assens","event_11","Syddanmark"
"Spirituality",2024-06-17,55.7221495651607,12.4016460339066,"Ballerup","event_12","Hovedstaden"
"Charity",2024-06-17,55.7357694930529,12.3981446540893,"Ballerup","event_13","Hovedstaden"
"Travel & Outdoor",2024-06-17,55.7077768091763,12.3761986730535,"Ballerup","event_14","Hovedstaden"
"Health",2024-06-17,55.7127831263376,12.3414297910904,"Ballerup","event_15","Hovedstaden"
"Spirituality",2024-06-17,55.703002590856,12.3804513158407,"Ballerup","event_16","Hovedstaden"
"Business",2024-06-17,55.7111230422608,12.3720066401137,"Ballerup","event_17","Hovedstaden"
"Food & Drink",2024-06-01,55.8168628187832,8.84750235816594,"Billund","event_18","Syddanmark"
"Education",2024-06-01,55.8148618610889,8.84723709672861,"Billund","event_19","Syddanmark"
"Food & Drink",2024-06-01,55.7551216734246,8.92468653335943,"Billund","event_20","Syddanmark"
"Education",2024-06-06,55.1149357653145,14.9379925528606,"Bornholm","event_21","Hovedstaden"
"Education",2024-06-06,55.1656391617095,14.93874094805,"Bornholm","event_22","Hovedstaden"
"Health",2024-06-06,55.2112103423122,14.8530339352327,"Bornholm","event_23","Hovedstaden"
"Travel & Outdoor",2024-06-06,55.1100624882149,14.974001094139,"Bornholm","event_24","Hovedstaden"
"Film & Media",2024-06-10,55.6573128532494,12.4192591641925,"Brøndby","event_25","Hovedstaden"
"Film & Media",2024-06-10,55.6543600504472,12.4425411003381,"Brøndby","event_26","Hovedstaden"
"Charity",2024-06-10,55.6597519252881,12.3743397673968,"Brøndby","event_27","Hovedstaden"
"Music",2024-06-10,55.6180889543924,12.4370578802856,"Brøndby","event_28","Hovedstaden"
"Music",2024-06-26,57.2340642279201,10.2162626807934,"Brønderslev","event_29","Nordjylland"
"Art",2024-06-26,57.1239362550007,10.2846399231089,"Brønderslev","event_30","Nordjylland"
"Art",2024-06-26,57.1565669690834,10.2173676839444,"Brønderslev","event_31","Nordjylland"
"Travel & Outdoor",2024-06-26,57.1829505721652,10.2522242612722,"Brønderslev","event_32","Nordjylland"
"Art",2024-06-05,55.3230612844171,15.1905375917028,"Christiansø","event_33","Hovedstaden"
"Charity",2024-06-09,55.5574553134209,12.5806143661249,"Dragør","event_34","Hovedstaden"
"Art",2024-06-09,55.5833334017912,12.6539663625447,"Dragør","event_35","Hovedstaden"
"Music",2024-06-24,55.7541678220196,12.2124820132339,"Egedal","event_36","Hovedstaden"
"Health",2024-06-24,55.7707101375206,12.222399336756,"Egedal","event_37","Hovedstaden"
"Science & Tech",2024-06-24,55.7670595703966,12.1696257431729,"Egedal","event_38","Hovedstaden"
"Travel & Outdoor",2024-06-24,55.8134081957308,12.2358751489895,"Egedal","event_39","Hovedstaden"
"Travel & Outdoor",2024-06-24,55.7593553451591,12.2611850923334,"Egedal","event_40","Hovedstaden"
"Sports & Fitness",2024-06-27,55.5209168404626,8.45172561340801,"Esbjerg","event_41","Syddanmark"
"Business",2024-06-27,55.2620044758675,8.51982021452103,"Esbjerg","event_42","Syddanmark"
"Performing and Visual Arts",2024-06-27,55.2668651022216,8.81257885612871,"Esbjerg","event_43","Syddanmark"
"Education",2024-06-27,55.4083560794477,8.65123871654482,"Esbjerg","event_44","Syddanmark"
"Business",2024-06-27,55.271338033831,8.5652056247664,"Esbjerg","event_45","Syddanmark"
"Film & Media",2024-06-27,55.5475266493428,8.33673878070437,"Esbjerg","event_46","Syddanmark"
"Business",2024-06-27,55.5685970444321,8.33873130118941,"Esbjerg","event_47","Syddanmark"
"Business",2024-06-27,55.2717374852243,8.64803174099285,"Esbjerg","event_48","Syddanmark"
"Food & Drink",2024-06-27,55.5158568471267,8.60434657427727,"Esbjerg","event_49","Syddanmark"
"Cars & Boats & Planes",2024-06-27,55.4956239862974,8.50507343403528,"Esbjerg","event_50","Syddanmark"
"Business",2024-06-27,55.4022398076156,8.78200541732091,"Esbjerg","event_51","Syddanmark"
"Film & Media",2024-06-27,55.5509897210091,8.33205551635629,"Esbjerg","event_52","Syddanmark"
"Business",2024-06-12,55.353686025921,8.43141461702725,"Fanø","event_53","Syddanmark"
"Education",2024-05-31,56.2647670299844,10.0921220471893,"Favrskov","event_54","Midtjylland"
"Cars & Boats & Planes",2024-05-31,56.3969840355866,9.75229575666835,"Favrskov","event_55","Midtjylland"
"Film & Media",2024-05-31,56.282382259419,9.88979246657048,"Favrskov","event_56","Midtjylland"
"Science & Tech",2024-05-31,56.338894650453,9.87486415059661,"Favrskov","event_57","Midtjylland"
"Education",2024-05-31,56.3816322021446,9.91328201143838,"Favrskov","event_58","Midtjylland"
"Science & Tech",2024-06-10,55.3259970139771,12.0953731995583,"Faxe","event_59","Sjælland"
"Film & Media",2024-06-10,55.3585123613673,11.8731847409063,"Faxe","event_60","Sjælland"
"Education",2024-06-10,55.2959237213255,12.0947494815981,"Faxe","event_61","Sjælland"
"Education",2024-06-10,55.355474929942,12.0445579368117,"Faxe","event_62","Sjælland"
"Music",2024-06-04,55.9523009631092,12.3928273708665,"Fredensborg","event_63","Hovedstaden"
"Sports & Fitness",2024-06-04,55.9672565107238,12.4929556929235,"Fredensborg","event_64","Hovedstaden"
"Food & Drink",2024-06-04,55.9402797896586,12.4460229570201,"Fredensborg","event_65","Hovedstaden"
"Sports & Fitness",2024-06-04,55.9175600771826,12.4246732855419,"Fredensborg","event_66","Hovedstaden"
"Business",2024-06-04,55.9788649960535,12.3715224324629,"Fredensborg","event_67","Hovedstaden"
"Education",2024-06-21,55.6198556215006,9.80291815187807,"Fredericia","event_68","Syddanmark"
"Business",2024-06-21,55.5583302490879,9.58016120995969,"Fredericia","event_69","Syddanmark"
"Film & Media",2024-06-21,55.5360449703743,9.69893627796061,"Fredericia","event_70","Syddanmark"
"Cars & Boats & Planes",2024-06-21,55.5208867163318,9.66078908715131,"Fredericia","event_71","Syddanmark"
"Science & Tech",2024-06-21,55.5665311576679,9.76627220705902,"Fredericia","event_72","Syddanmark"
"Spirituality",2024-06-21,55.5864598656903,9.7133031876657,"Fredericia","event_73","Syddanmark"
"Education",2024-06-17,55.6773546453875,12.5373827462364,"Frederiksberg","event_74","Hovedstaden"
"Art",2024-06-17,55.6818031220735,12.5082209385975,"Frederiksberg","event_75","Hovedstaden"
"Business",2024-06-17,55.6809548915792,12.5357731127401,"Frederiksberg","event_76","Hovedstaden"
"Education",2024-06-17,55.671914473971,12.5173152974239,"Frederiksberg","event_77","Hovedstaden"
"Charity",2024-06-17,55.6737784702342,12.5460594470746,"Frederiksberg","event_78","Hovedstaden"
"Performing and Visual Arts",2024-06-17,55.6706456754823,12.5336225951151,"Frederiksberg","event_79","Hovedstaden"
"Business",2024-06-17,55.6805344930821,12.5038413605732,"Frederiksberg","event_80","Hovedstaden"
"Health",2024-06-17,55.6817540816523,12.5077878394993,"Frederiksberg","event_81","Hovedstaden"
"Travel & Outdoor",2024-06-17,55.6722343947428,12.4969078414227,"Frederiksberg","event_82","Hovedstaden"
"Film & Media",2024-06-17,55.6716867278881,12.5233387934876,"Frederiksberg","event_83","Hovedstaden"
"Music",2024-06-17,55.6707794479815,12.5188591393629,"Frederiksberg","event_84","Hovedstaden"
"Film & Media",2024-06-08,57.4155527211868,10.3438306185536,"Frederikshavn","event_85","Nordjylland"
"Music",2024-06-08,57.2247635265158,10.4483847863785,"Frederikshavn","event_86","Nordjylland"
"Charity",2024-06-08,57.2930912519424,10.2410910438435,"Frederikshavn","event_87","Nordjylland"
"Food & Drink",2024-06-08,57.4959307873473,10.4024728611265,"Frederikshavn","event_88","Nordjylland"
"Health",2024-06-08,57.6106450516533,10.3051530854886,"Frederikshavn","event_89","Nordjylland"
"Health",2024-06-08,57.2998589840582,10.2879921130173,"Frederikshavn","event_90","Nordjylland"
"Music",2024-06-05,55.8328071705225,12.1992311623108,"Frederikssund","event_91","Hovedstaden"
"Business",2024-06-05,55.8854841863811,11.9538345090766,"Frederikssund","event_92","Hovedstaden"
"Cars & Boats & Planes",2024-06-05,55.8586238586409,12.1874657750828,"Frederikssund","event_93","Hovedstaden"
"Sports & Fitness",2024-06-05,55.7652462932411,11.8659955475684,"Frederikssund","event_94","Hovedstaden"
"Science & Tech",2024-06-05,55.8524766647333,12.1305328245065,"Frederikssund","event_95","Hovedstaden"
"Education",2024-06-09,55.7863248439759,12.359773732532,"Furesø","event_96","Hovedstaden"
"Charity",2024-06-09,55.7979566868251,12.3404262731688,"Furesø","event_97","Hovedstaden"
"Spirituality",2024-06-09,55.7805661437207,12.3573521428135,"Furesø","event_98","Hovedstaden"
"Science & Tech",2024-06-09,55.7826499774539,12.4109542949748,"Furesø","event_99","Hovedstaden"
"Science & Tech",2024-06-09,55.8286265972439,12.3691117144445,"Furesø","event_100","Hovedstaden"
"Performing and Visual Arts",2024-06-23,55.0856505023142,10.1844524182421,"Faaborg-Midtfyn","event_101","Syddanmark"
"Film & Media",2024-06-23,55.0774440135398,10.3528694734574,"Faaborg-Midtfyn","event_102","Syddanmark"
"Performing and Visual Arts",2024-06-23,55.1951910973195,10.3438934992174,"Faaborg-Midtfyn","event_103","Syddanmark"
"Travel & Outdoor",2024-06-23,55.24516616854,10.4126606079517,"Faaborg-Midtfyn","event_104","Syddanmark"
"Film & Media",2024-06-23,55.1796935879845,10.5016094817718,"Faaborg-Midtfyn","event_105","Syddanmark"
"Music",2024-06-23,55.2458651022128,10.4796782675991,"Faaborg-Midtfyn","event_106","Syddanmark"
"Science & Tech",2024-06-20,55.7659225449952,12.5894132387347,"Gentofte","event_107","Hovedstaden"
"Sports & Fitness",2024-06-20,55.7539393915503,12.5710684477047,"Gentofte","event_108","Hovedstaden"
"Sports & Fitness",2024-06-20,55.7459346837191,12.5518821601501,"Gentofte","event_109","Hovedstaden"
"Charity",2024-06-20,55.7701496406786,12.5485821094038,"Gentofte","event_110","Hovedstaden"
"Education",2024-06-20,55.737996763651,12.5196065042047,"Gentofte","event_111","Hovedstaden"
"Sports & Fitness",2024-06-20,55.7486910552698,12.5090583565138,"Gentofte","event_112","Hovedstaden"
"Cars & Boats & Planes",2024-06-20,55.7667814395938,12.5477276737485,"Gentofte","event_113","Hovedstaden"
"Sports & Fitness",2024-06-20,55.7442471976652,12.5788628106674,"Gentofte","event_114","Hovedstaden"
"Food & Drink",2024-06-05,55.7597729268196,12.4739157910194,"Gladsaxe","event_115","Hovedstaden"
"Cars & Boats & Planes",2024-06-05,55.7628245986581,12.4802425827865,"Gladsaxe","event_116","Hovedstaden"
"Charity",2024-06-05,55.7591282333829,12.4291231252932,"Gladsaxe","event_117","Hovedstaden"
"Charity",2024-06-05,55.7283036701277,12.5084481272623,"Gladsaxe","event_118","Hovedstaden"
"Science & Tech",2024-06-05,55.734665702085,12.5048596656476,"Gladsaxe","event_119","Hovedstaden"
"Education",2024-06-05,55.7510716714799,12.490612469708,"Gladsaxe","event_120","Hovedstaden"
"Performing and Visual Arts",2024-06-05,55.7696799599721,12.4724808885338,"Gladsaxe","event_121","Hovedstaden"
"Sports & Fitness",2024-06-05,55.7399316439014,12.5121954937387,"Gladsaxe","event_122","Hovedstaden"
"Science & Tech",2024-06-06,55.6622073726118,12.4066067001549,"Glostrup","event_123","Hovedstaden"
"Art",2024-06-06,55.6906994338681,12.4267716130276,"Glostrup","event_124","Hovedstaden"
"Film & Media",2024-06-06,55.6874808139635,12.4232087395688,"Glostrup","event_125","Hovedstaden"
"Music",2024-06-14,55.6019363135763,12.1933598490444,"Greve","event_126","Sjælland"
"Spirituality",2024-06-14,55.6005825013575,12.1792992518701,"Greve","event_127","Sjælland"
"Art",2024-06-14,55.6002201189731,12.1682652053279,"Greve","event_128","Sjælland"
"Performing and Visual Arts",2024-06-14,55.5814923798733,12.2628800281728,"Greve","event_129","Sjælland"
"Business",2024-06-14,55.5824545215242,12.1715220940946,"Greve","event_130","Sjælland"
"Music",2024-06-14,55.5601681912688,12.2592888768047,"Greve","event_131","Sjælland"
"Travel & Outdoor",2024-06-17,56.0311353988389,12.2632868402156,"Gribskov","event_132","Hovedstaden"
"Health",2024-06-17,56.0303584313199,12.0333297067806,"Gribskov","event_133","Hovedstaden"
"Charity",2024-06-17,56.0762868615645,12.2900998092431,"Gribskov","event_134","Hovedstaden"
"Art",2024-06-17,56.0641337713989,12.1260190038545,"Gribskov","event_135","Hovedstaden"
"Charity",2024-06-17,56.0128504685968,12.26601101847,"Gribskov","event_136","Hovedstaden"
"Film & Media",2024-06-01,54.8661176518174,11.6540460574158,"Guldborgsund","event_137","Sjælland"
"Performing and Visual Arts",2024-06-01,54.8134813501835,11.8696917163248,"Guldborgsund","event_138","Sjælland"
"Art",2024-06-01,54.9433500556002,11.8632430946509,"Guldborgsund","event_139","Sjælland"
"Charity",2024-06-01,54.7823368113128,11.6744434951252,"Guldborgsund","event_140","Sjælland"
"Charity",2024-06-01,54.6583410840538,11.7106075092247,"Guldborgsund","event_141","Sjælland"
"Film & Media",2024-06-01,54.8250780188342,11.85154726055,"Guldborgsund","event_142","Sjælland"
"Food & Drink",2024-06-28,55.1961960859233,9.40758394831176,"Haderslev","event_143","Syddanmark"
"Sports & Fitness",2024-06-28,55.2155593920348,9.42662712854929,"Haderslev","event_144","Syddanmark"
"Science & Tech",2024-06-28,55.1693399603366,9.48865111161614,"Haderslev","event_145","Syddanmark"
"Music",2024-06-28,55.3215757202489,8.88807878755365,"Haderslev","event_146","Syddanmark"
"Spirituality",2024-06-28,55.1993810776543,9.588653747752,"Haderslev","event_147","Syddanmark"
"Music",2024-06-28,55.2373505532556,9.60650569940771,"Haderslev","event_148","Syddanmark"
"Education",2024-06-03,55.9888317481526,11.9856555005343,"Halsnæs","event_149","Hovedstaden"
"Film & Media",2024-06-03,55.9164119575821,12.0955097257078,"Halsnæs","event_150","Hovedstaden"
"Business",2024-06-03,55.9989886030426,11.9434893547827,"Halsnæs","event_151","Hovedstaden"
"Science & Tech",2024-06-03,55.9837582016806,12.0900498471824,"Halsnæs","event_152","Hovedstaden"
"Cars & Boats & Planes",2024-05-31,55.8522929913602,9.4523997402232,"Hedensted","event_153","Midtjylland"
"Art",2024-05-31,55.7741572569315,9.95273786132517,"Hedensted","event_154","Midtjylland"
"Spirituality",2024-05-31,55.7482645075544,9.74135004988298,"Hedensted","event_155","Midtjylland"
"Food & Drink",2024-05-31,55.8269458952727,9.63322108408101,"Hedensted","event_156","Midtjylland"
"Cars & Boats & Planes",2024-05-31,55.7717956642606,9.94191304263521,"Hedensted","event_157","Midtjylland"
"Spirituality",2024-06-13,56.066780640826,12.4182972427906,"Helsingør","event_158","Hovedstaden"
"Charity",2024-06-13,56.0798806434531,12.4963487047039,"Helsingør","event_159","Hovedstaden"
"Charity",2024-06-13,55.9924080785651,12.5004070919157,"Helsingør","event_160","Hovedstaden"
"Business",2024-06-13,56.0422300583099,12.4446862841869,"Helsingør","event_161","Hovedstaden"
"Travel & Outdoor",2024-06-13,56.0358318286494,12.418488018131,"Helsingør","event_162","Hovedstaden"
"Business",2024-06-13,56.0362560667526,12.4034939301274,"Helsingør","event_163","Hovedstaden"
"Travel & Outdoor",2024-06-13,56.0429382274625,12.5165582031088,"Helsingør","event_164","Hovedstaden"
"Travel & Outdoor",2024-06-18,55.7237476523409,12.4478276202204,"Herlev","event_165","Hovedstaden"
"Business",2024-06-18,55.7318597293155,12.4454404297005,"Herlev","event_166","Hovedstaden"
"Science & Tech",2024-06-18,55.7550241159234,12.3959704715275,"Herlev","event_167","Hovedstaden"
"Travel & Outdoor",2024-06-18,55.7407680784424,12.4288825869967,"Herlev","event_168","Hovedstaden"
"Sports & Fitness",2024-06-08,56.2506999562917,8.9827328797213,"Herning","event_169","Midtjylland"
"Science & Tech",2024-06-08,56.0099589135677,8.87829418107133,"Herning","event_170","Midtjylland"
"Art",2024-06-08,56.0885935887557,9.06970173858222,"Herning","event_171","Midtjylland"
"Business",2024-06-08,56.0078607528093,8.95312347735836,"Herning","event_172","Midtjylland"
"Health",2024-06-08,56.2414207210996,8.64052090465948,"Herning","event_173","Midtjylland"
"Education",2024-06-08,56.3675319818347,9.05484642833702,"Herning","event_174","Midtjylland"
"Sports & Fitness",2024-06-08,55.9044197395153,8.92022399624636,"Herning","event_175","Midtjylland"
"Art",2024-06-08,55.952637825294,8.8325000105969,"Herning","event_176","Midtjylland"
"Music",2024-06-08,56.0736829543965,9.1110965870866,"Herning","event_177","Midtjylland"
"Food & Drink",2024-06-08,56.2664499385249,8.53359587163494,"Herning","event_178","Midtjylland"
"Charity",2024-06-17,55.9826761894754,12.258486482498,"Hillerød","event_179","Hovedstaden"
"Film & Media",2024-06-17,55.9424390227765,12.1003862455604,"Hillerød","event_180","Hovedstaden"
"Travel & Outdoor",2024-06-17,55.9013778776237,12.2925376113193,"Hillerød","event_181","Hovedstaden"
"Charity",2024-06-17,55.9919670795201,12.2783170402632,"Hillerød","event_182","Hovedstaden"
"Health",2024-06-17,55.8550763322842,12.2189273543459,"Hillerød","event_183","Hovedstaden"
"Film & Media",2024-06-17,55.9740572324827,12.3355234140078,"Hillerød","event_184","Hovedstaden"
"Art",2024-06-18,57.3952412653507,10.2606121620628,"Hjørring","event_185","Nordjylland"
"Science & Tech",2024-06-18,57.4244331860258,10.2522502121057,"Hjørring","event_186","Nordjylland"
"Travel & Outdoor",2024-06-18,57.3849807130514,10.0213364881589,"Hjørring","event_187","Nordjylland"
"Health",2024-06-18,57.4429820636683,10.2242835596165,"Hjørring","event_188","Nordjylland"
"Cars & Boats & Planes",2024-06-18,57.5251074748386,10.1996860508825,"Hjørring","event_189","Nordjylland"
"Business",2024-06-18,57.3821831855859,10.0304422797444,"Hjørring","event_190","Nordjylland"
"Sports & Fitness",2024-06-18,57.3408133254556,9.92818164968153,"Hjørring","event_191","Nordjylland"
"Travel & Outdoor",2024-05-31,55.6357829345696,11.5710730392239,"Holbæk","event_192","Sjælland"
"Business",2024-05-31,55.6585484484646,11.5784089992589,"Holbæk","event_193","Sjælland"
"Film & Media",2024-05-31,55.6572910136201,11.4745579304092,"Holbæk","event_194","Sjælland"
"Performing and Visual Arts",2024-05-31,55.6769711596906,11.5353315964623,"Holbæk","event_195","Sjælland"
"Charity",2024-05-31,55.5805956198935,11.6848269588674,"Holbæk","event_196","Sjælland"
"Cars & Boats & Planes",2024-05-31,55.7265473683541,11.5667461134979,"Holbæk","event_197","Sjælland"
"Business",2024-05-31,55.6437468398186,11.6997450598542,"Holbæk","event_198","Sjælland"
"Education",2024-05-31,55.6293603307943,11.7911217333827,"Holbæk","event_199","Sjælland"
"Cars & Boats & Planes",2024-06-02,56.3303438821027,8.50110901610521,"Holstebro","event_200","Midtjylland"
"Charity",2024-06-02,56.363410889067,8.70528838358992,"Holstebro","event_201","Midtjylland"
"Music",2024-06-02,56.2369256064524,8.28064520052909,"Holstebro","event_202","Midtjylland"
"Spirituality",2024-06-02,56.5147439889424,8.85947445740101,"Holstebro","event_203","Midtjylland"
"Charity",2024-06-02,56.4480293785962,8.82414508227428,"Holstebro","event_204","Midtjylland"
"Science & Tech",2024-06-02,56.3330960599639,8.34425776912393,"Holstebro","event_205","Midtjylland"
"Spirituality",2024-06-15,55.9644085736303,9.88501086797984,"Horsens","event_206","Midtjylland"
"Health",2024-06-15,55.9837423767844,9.5493086513047,"Horsens","event_207","Midtjylland"
"Travel & Outdoor",2024-06-15,55.8579952778049,9.81102306232182,"Horsens","event_208","Midtjylland"
"Sports & Fitness",2024-06-15,55.9887349027075,9.6236167100537,"Horsens","event_209","Midtjylland"
"Performing and Visual Arts",2024-06-15,55.9753655172523,9.49837335474413,"Horsens","event_210","Midtjylland"
"Education",2024-06-15,55.9397333867399,9.80317242805955,"Horsens","event_211","Midtjylland"
"Performing and Visual Arts",2024-06-15,55.9013221908475,9.81646316105936,"Horsens","event_212","Midtjylland"
"Film & Media",2024-06-15,56.0409062124512,9.68238038608071,"Horsens","event_213","Midtjylland"
"Food & Drink",2024-06-15,55.8885203940996,9.74526306455702,"Horsens","event_214","Midtjylland"
"Art",2024-06-15,56.0532036525177,9.70017087312816,"Horsens","event_215","Midtjylland"
"Sports & Fitness",2024-06-15,55.619182924375,12.4713436758811,"Hvidovre","event_216","Hovedstaden"
"Business",2024-06-15,55.6479367732346,12.4612596222763,"Hvidovre","event_217","Hovedstaden"
"Spirituality",2024-06-15,55.6277014803064,12.4521364358584,"Hvidovre","event_218","Hovedstaden"
"Science & Tech",2024-06-15,55.6395139799366,12.4859240076356,"Hvidovre","event_219","Hovedstaden"
"Music",2024-06-15,55.6131520268385,12.4704594895447,"Hvidovre","event_220","Hovedstaden"
"Performing and Visual Arts",2024-06-15,55.633213031001,12.4412693421071,"Hvidovre","event_221","Hovedstaden"
"Performing and Visual Arts",2024-06-27,55.6246802649003,12.2058918759739,"Høje Taastrup","event_222","Hovedstaden"
"Art",2024-06-27,55.6803560170424,12.2337712114557,"Høje Taastrup","event_223","Hovedstaden"
"Music",2024-06-27,55.6263381690926,12.1978074281759,"Høje Taastrup","event_224","Hovedstaden"
"Travel & Outdoor",2024-06-27,55.6650161269499,12.2211000217545,"Høje Taastrup","event_225","Hovedstaden"
"Food & Drink",2024-06-27,55.6132915622328,12.1640144177905,"Høje Taastrup","event_226","Hovedstaden"
"Health",2024-06-27,55.6535243295878,12.221206916159,"Høje Taastrup","event_227","Hovedstaden"
"Education",2024-06-04,55.8780171108574,12.4989646247715,"Hørsholm","event_228","Hovedstaden"
"Performing and Visual Arts",2024-06-04,55.8658556715857,12.5050333071398,"Hørsholm","event_229","Hovedstaden"
"Science & Tech",2024-06-04,55.8797909158537,12.4507445000853,"Hørsholm","event_230","Hovedstaden"
"Science & Tech",2024-06-12,56.2376956621403,9.19385227312501,"Ikast-Brande","event_231","Midtjylland"
"Art",2024-06-12,56.1899381557907,9.19701866866102,"Ikast-Brande","event_232","Midtjylland"
"Business",2024-06-12,55.987226320728,9.23217288327787,"Ikast-Brande","event_233","Midtjylland"
"Travel & Outdoor",2024-06-12,55.9499176092739,9.42421216178706,"Ikast-Brande","event_234","Midtjylland"
"Cars & Boats & Planes",2024-06-12,55.9739492863793,9.13555439369795,"Ikast-Brande","event_235","Midtjylland"
"Education",2024-06-09,55.6351923797331,12.3297528822685,"Ishøj","event_236","Hovedstaden"
"Cars & Boats & Planes",2024-06-09,55.6045965632728,12.3746737011567,"Ishøj","event_237","Hovedstaden"
"Sports & Fitness",2024-06-09,55.6043150072928,12.3519079675613,"Ishøj","event_238","Hovedstaden"
"Performing and Visual Arts",2024-06-07,57.1187466740435,9.23910872956791,"Jammerbugt","event_239","Nordjylland"
"Business",2024-06-07,57.0657662992062,9.71512484682899,"Jammerbugt","event_240","Nordjylland"
"Sports & Fitness",2024-06-07,57.1846534230141,9.7749722479013,"Jammerbugt","event_241","Nordjylland"
"Travel & Outdoor",2024-06-07,57.0452701328158,9.25753320267633,"Jammerbugt","event_242","Nordjylland"
"Charity",2024-06-13,55.5112452356689,11.2995379705883,"Kalundborg","event_243","Sjælland"
"Science & Tech",2024-06-13,55.5736631607566,11.4333371164605,"Kalundborg","event_244","Sjælland"
"Charity",2024-06-13,55.6441819337696,11.2815541483866,"Kalundborg","event_245","Sjælland"
"Film & Media",2024-06-13,55.6846658280531,11.205255516993,"Kalundborg","event_246","Sjælland"
"Film & Media",2024-06-13,55.611267374907,11.3032144787322,"Kalundborg","event_247","Sjælland"
"Science & Tech",2024-06-01,55.5212875025768,10.6815519179872,"Kerteminde","event_248","Syddanmark"
"Cars & Boats & Planes",2024-06-01,55.4629609337612,10.6161975403749,"Kerteminde","event_249","Syddanmark"
"Performing and Visual Arts",2024-06-01,55.4450378795509,10.6101196707974,"Kerteminde","event_250","Syddanmark"
"Art",2024-06-21,55.461280134468,9.587450978822,"Kolding","event_251","Syddanmark"
"Cars & Boats & Planes",2024-06-21,55.369458528812,9.41044908842002,"Kolding","event_252","Syddanmark"
"Spirituality",2024-06-21,55.4751971742117,9.34827304793539,"Kolding","event_253","Syddanmark"
"Spirituality",2024-06-21,55.4673786032753,9.67289175584246,"Kolding","event_254","Syddanmark"
"Business",2024-06-21,55.3540472937552,9.33693287314443,"Kolding","event_255","Syddanmark"
"Science & Tech",2024-06-21,55.3122063573675,9.47590609075567,"Kolding","event_256","Syddanmark"
"Art",2024-06-21,55.3656719045742,9.53740683677498,"Kolding","event_257","Syddanmark"
"Art",2024-06-21,55.3450866744559,9.39425313324618,"Kolding","event_258","Syddanmark"
"Charity",2024-06-21,55.4807433149614,9.28553833232772,"Kolding","event_259","Syddanmark"
"Charity",2024-06-21,55.3569513095856,9.50336853474952,"Kolding","event_260","Syddanmark"
"Education",2024-06-20,55.7114362908193,12.6042340687204,"København","event_261","Hovedstaden"
"Performing and Visual Arts",2024-06-20,55.6472404257165,12.5823045057203,"København","event_262","Hovedstaden"
"Film & Media",2024-06-20,55.6808544484469,12.6373571260892,"København","event_263","Hovedstaden"
"Performing and Visual Arts",2024-06-20,55.6820104952283,12.5998376425455,"København","event_264","Hovedstaden"
"Spirituality",2024-06-20,55.6231807781511,12.5671197489004,"København","event_265","Hovedstaden"
"Art",2024-06-20,55.6667746033594,12.5121464773149,"København","event_266","Hovedstaden"
"Art",2024-06-20,55.7008322166183,12.5446654652927,"København","event_267","Hovedstaden"
"Film & Media",2024-06-20,55.6842457034279,12.6036469358534,"København","event_268","Hovedstaden"
"Charity",2024-06-20,55.7226465609769,12.6064900188026,"København","event_269","Hovedstaden"
"Travel & Outdoor",2024-06-20,55.7130476571711,12.4905442840263,"København","event_270","Hovedstaden"
"Spirituality",2024-06-20,55.6417670614216,12.5318793872597,"København","event_271","Hovedstaden"
"Cars & Boats & Planes",2024-06-20,55.6381142145403,12.5301063661924,"København","event_272","Hovedstaden"
"Cars & Boats & Planes",2024-06-20,55.6575918792441,12.5256970228494,"København","event_273","Hovedstaden"
"Health",2024-06-20,55.7172156518258,12.6025439540441,"København","event_274","Hovedstaden"
"Charity",2024-06-20,55.6825616453147,12.4900310761943,"København","event_275","Hovedstaden"
"Travel & Outdoor",2024-06-20,55.6827913409808,12.592226533273,"København","event_276","Hovedstaden"
"Cars & Boats & Planes",2024-06-20,55.6346176863623,12.5572121510636,"København","event_277","Hovedstaden"
"Health",2024-06-20,55.6685314053592,12.5489536284747,"København","event_278","Hovedstaden"
"Spirituality",2024-06-20,55.6521789209141,12.548948441584,"København","event_279","Hovedstaden"
"Spirituality",2024-06-20,55.6617590810185,12.6044957981337,"København","event_280","Hovedstaden"
"Business",2024-06-20,55.6967811400875,12.5201543840175,"København","event_281","Hovedstaden"
"Travel & Outdoor",2024-06-20,55.6331415083363,12.5737800773,"København","event_282","Hovedstaden"
"Health",2024-06-20,55.6820414644813,12.4878721145416,"København","event_283","Hovedstaden"
"Music",2024-06-20,55.7046076856998,12.5764189514525,"København","event_284","Hovedstaden"
"Health",2024-06-20,55.7193006689137,12.4857161343158,"København","event_285","Hovedstaden"
"Cars & Boats & Planes",2024-06-20,55.7021146439053,12.5232173982845,"København","event_286","Hovedstaden"
"Health",2024-06-20,55.6664873349563,12.4958390835587,"København","event_287","Hovedstaden"
"Business",2024-06-20,55.657210821691,12.5018277654096,"København","event_288","Hovedstaden"
"Spirituality",2024-06-20,55.6275442365828,12.5538174745638,"København","event_289","Hovedstaden"
"Health",2024-06-20,55.6939799745211,12.4742826236359,"København","event_290","Hovedstaden"
"Music",2024-06-20,55.6156669015606,12.5246759822527,"København","event_291","Hovedstaden"
"Business",2024-06-20,55.6583699875045,12.496131442808,"København","event_292","Hovedstaden"
"Food & Drink",2024-06-20,55.6805913562572,12.4736165009526,"København","event_293","Hovedstaden"
"Health",2024-06-20,55.6792452015035,12.615718096976,"København","event_294","Hovedstaden"
"Art",2024-06-20,55.6799390506025,12.6169535797973,"København","event_295","Hovedstaden"
"Health",2024-06-20,55.7207445163861,12.4822599002767,"København","event_296","Hovedstaden"
"Science & Tech",2024-06-20,55.6841427952808,12.4721325458414,"København","event_297","Hovedstaden"
"Music",2024-06-20,55.7122401588711,12.5909606356166,"København","event_298","Hovedstaden"
"Business",2024-06-20,55.6547905456558,12.5304043696101,"København","event_299","Hovedstaden"
"Performing and Visual Arts",2024-06-20,55.72057581981,12.5724570102267,"København","event_300","Hovedstaden"
"Spirituality",2024-06-20,55.6975348988665,12.4686304548821,"København","event_301","Hovedstaden"
"Science & Tech",2024-06-20,55.6218932503531,12.5816197551816,"København","event_302","Hovedstaden"
"Sports & Fitness",2024-06-20,55.7172584654991,12.6069011379289,"København","event_303","Hovedstaden"
"Travel & Outdoor",2024-06-20,55.7120013498716,12.5254060223822,"København","event_304","Hovedstaden"
"Music",2024-06-20,55.7111816070122,12.6102135409829,"København","event_305","Hovedstaden"
"Charity",2024-06-20,55.6682934296037,12.6206865981887,"København","event_306","Hovedstaden"
"Music",2024-06-20,55.6450156117264,12.5349842064412,"København","event_307","Hovedstaden"
"Science & Tech",2024-06-20,55.6830206978471,12.4715845072792,"København","event_308","Hovedstaden"
"Sports & Fitness",2024-06-20,55.6943741056841,12.5121669719885,"København","event_309","Hovedstaden"
"Music",2024-06-20,55.6440671230394,12.611277601581,"København","event_310","Hovedstaden"
"Sports & Fitness",2024-06-20,55.7272722912946,12.5668197665804,"København","event_311","Hovedstaden"
"Art",2024-06-20,55.6975193065639,12.5779780274931,"København","event_312","Hovedstaden"
"Spirituality",2024-06-20,55.6471675057354,12.4972637356819,"København","event_313","Hovedstaden"
"Sports & Fitness",2024-06-20,55.6217219446584,12.5473185654047,"København","event_314","Hovedstaden"
"Performing and Visual Arts",2024-06-20,55.6856827918194,12.5654874341929,"København","event_315","Hovedstaden"
"Business",2024-06-20,55.6924459447782,12.6106117206777,"København","event_316","Hovedstaden"
"Cars & Boats & Planes",2024-06-20,55.7061018250897,12.5489616848437,"København","event_317","Hovedstaden"
"Business",2024-06-20,55.703068868616,12.4689003683734,"København","event_318","Hovedstaden"
"Business",2024-06-20,55.7141972114537,12.5429460881426,"København","event_319","Hovedstaden"
"Cars & Boats & Planes",2024-06-20,55.7125345321151,12.5690470289697,"København","event_320","Hovedstaden"
"Spirituality",2024-06-20,55.6704473256201,12.630241250331,"København","event_321","Hovedstaden"
"Sports & Fitness",2024-06-20,55.7070752756191,12.5309510494354,"København","event_322","Hovedstaden"
"Performing and Visual Arts",2024-06-20,55.6473313670263,12.6015907636801,"København","event_323","Hovedstaden"
"Business",2024-06-20,55.6992825903131,12.4708367691586,"København","event_324","Hovedstaden"
"Music",2024-06-20,55.6187859139601,12.5750530249623,"København","event_325","Hovedstaden"
"Science & Tech",2024-06-20,55.6951056335705,12.5763386364973,"København","event_326","Hovedstaden"
"Sports & Fitness",2024-06-20,55.6824356169028,12.6119514066736,"København","event_327","Hovedstaden"
"Music",2024-06-02,55.5091273966772,12.1389580623364,"Køge","event_328","Sjælland"
"Cars & Boats & Planes",2024-06-02,55.4125870287144,12.0687032063063,"Køge","event_329","Sjælland"
"Spirituality",2024-06-02,55.4868389282753,12.1534747631357,"Køge","event_330","Sjælland"
"Performing and Visual Arts",2024-06-02,55.406367876028,12.0049279926207,"Køge","event_331","Sjælland"
"Spirituality",2024-06-02,55.4637371868148,12.022304565615,"Køge","event_332","Sjælland"
"Performing and Visual Arts",2024-06-02,55.4002036923006,12.1187386264201,"Køge","event_333","Sjælland"
"Health",2024-06-02,55.4746111368798,12.1734497573175,"Køge","event_334","Sjælland"
"Spirituality",2024-06-12,55.1595605983888,10.9488632688315,"Langeland","event_335","Syddanmark"
"Food & Drink",2024-06-12,54.9148049150352,10.605239560285,"Langeland","event_336","Syddanmark"
"Science & Tech",2024-06-27,55.701665307579,11.8864348494422,"Lejre","event_337","Sjælland"
"Charity",2024-06-27,55.5698763716443,11.860263710059,"Lejre","event_338","Sjælland"
"Music",2024-06-27,55.6722864059306,11.8158747642442,"Lejre","event_339","Sjælland"
"Spirituality",2024-06-11,56.4979539909972,8.1690764740302,"Lemvig","event_340","Midtjylland"
"Sports & Fitness",2024-06-11,56.3750149060846,8.23498148279745,"Lemvig","event_341","Midtjylland"
"Food & Drink",2024-06-17,54.9403122904146,11.2912329124161,"Lolland","event_342","Sjælland"
"Cars & Boats & Planes",2024-06-17,54.7893328958965,11.5386493675038,"Lolland","event_343","Sjælland"
"Business",2024-06-17,54.9014100455344,11.2594648610196,"Lolland","event_344","Sjælland"
"Food & Drink",2024-06-17,54.9368493750401,11.0799185807784,"Lolland","event_345","Sjælland"
"Education",2024-06-12,55.785369980406,12.5238025550534,"Lyngby-Taarbæk","event_346","Hovedstaden"
"Spirituality",2024-06-12,55.785600282334,12.5673406954194,"Lyngby-Taarbæk","event_347","Hovedstaden"
"Charity",2024-06-12,55.7644664434886,12.5098974044888,"Lyngby-Taarbæk","event_348","Hovedstaden"
"Spirituality",2024-06-12,55.7874644236679,12.5682179631855,"Lyngby-Taarbæk","event_349","Hovedstaden"
"Art",2024-06-12,55.7666443521237,12.4953524409909,"Lyngby-Taarbæk","event_350","Hovedstaden"
"Travel & Outdoor",2024-06-12,55.7941546516536,12.5182189163736,"Lyngby-Taarbæk","event_351","Hovedstaden"
"Charity",2024-06-11,57.2325246605484,10.9829947017059,"Læsø","event_352","Nordjylland"
"Art",2024-06-17,56.7865742863893,10.0314104187138,"Mariagerfjord","event_353","Nordjylland"
"Cars & Boats & Planes",2024-06-17,56.5955056352444,9.93289547873457,"Mariagerfjord","event_354","Nordjylland"
"Travel & Outdoor",2024-06-17,56.6046446923786,9.76865695709054,"Mariagerfjord","event_355","Nordjylland"
"Travel & Outdoor",2024-06-17,56.6647115730673,10.0657351297202,"Mariagerfjord","event_356","Nordjylland"
"Cars & Boats & Planes",2024-06-17,56.7153475866074,10.0844461112046,"Mariagerfjord","event_357","Nordjylland"
"Travel & Outdoor",2024-06-13,55.4695182813426,9.88940951565906,"Middelfart","event_358","Syddanmark"
"Travel & Outdoor",2024-06-13,55.5157910369838,9.97102172296611,"Middelfart","event_359","Syddanmark"
"Sports & Fitness",2024-06-13,55.4613898601401,9.96913901948778,"Middelfart","event_360","Syddanmark"
"Charity",2024-06-13,55.4689148879886,9.78935424975569,"Middelfart","event_361","Syddanmark"
"Art",2024-06-13,55.4230234297774,9.9509900830076,"Middelfart","event_362","Syddanmark"
"Cars & Boats & Planes",2024-06-02,56.7283469460741,8.65351176273941,"Morsø","event_363","Nordjylland"
"Film & Media",2024-06-02,56.834942517869,8.6764236951847,"Morsø","event_364","Nordjylland"
"Food & Drink",2024-06-01,56.4090966995591,10.8407556336389,"Norddjurs","event_365","Midtjylland"
"Food & Drink",2024-06-01,56.5477349441212,10.3370920339932,"Norddjurs","event_366","Midtjylland"
"Music",2024-06-01,56.3982569979613,10.858454123941,"Norddjurs","event_367","Midtjylland"
"Cars & Boats & Planes",2024-06-01,56.4709979316232,10.6719338454328,"Norddjurs","event_368","Midtjylland"
"Music",2024-06-11,55.4647205998563,10.0779494975647,"Nordfyns","event_369","Syddanmark"
"Travel & Outdoor",2024-06-11,55.4738221962096,10.078548464323,"Nordfyns","event_370","Syddanmark"
"Film & Media",2024-06-11,55.5329374903947,10.2135193826835,"Nordfyns","event_371","Syddanmark"
"Business",2024-06-26,55.2264561252662,10.6807751656216,"Nyborg","event_372","Syddanmark"
"Business",2024-06-26,55.2720183402074,10.7343501365829,"Nyborg","event_373","Syddanmark"
"Science & Tech",2024-06-26,55.3705627624847,10.7161158480771,"Nyborg","event_374","Syddanmark"
"Education",2024-06-26,55.3220037485134,10.6373721831853,"Nyborg","event_375","Syddanmark"
"Travel & Outdoor",2024-06-09,55.2362758699931,11.8745290292775,"Næstved","event_376","Sjælland"
"Cars & Boats & Planes",2024-06-09,55.3129637865397,11.6047052985209,"Næstved","event_377","Sjælland"
"Food & Drink",2024-06-09,55.3345818058477,11.7893233525398,"Næstved","event_378","Sjælland"
"Film & Media",2024-06-09,55.2806678968514,11.5756258313437,"Næstved","event_379","Sjælland"
"Performing and Visual Arts",2024-06-09,55.2906993918426,11.5522551820037,"Næstved","event_380","Sjælland"
"Cars & Boats & Planes",2024-06-09,55.2662234314222,11.6866586679371,"Næstved","event_381","Sjælland"
"Art",2024-06-09,55.2009794332,11.5888612888945,"Næstved","event_382","Sjælland"
"Education",2024-06-09,55.2381135868347,11.6519426458163,"Næstved","event_383","Sjælland"
"Sports & Fitness",2024-06-09,55.3157976790747,11.5658060946849,"Næstved","event_384","Sjælland"
"Sports & Fitness",2024-05-31,55.9232478333494,10.0834046125712,"Odder","event_385","Midtjylland"
"Cars & Boats & Planes",2024-05-31,55.9105817975354,10.072954671374,"Odder","event_386","Midtjylland"
"Charity",2024-05-31,55.918024028596,10.0413133926249,"Odder","event_387","Midtjylland"
"Education",2024-06-14,55.3428046940471,10.5076191835078,"Odense","event_388","Syddanmark"
"Cars & Boats & Planes",2024-06-14,55.3478713430583,10.4870261437815,"Odense","event_389","Syddanmark"
"Travel & Outdoor",2024-06-14,55.402862940353,10.4920918479207,"Odense","event_390","Syddanmark"
"Performing and Visual Arts",2024-06-14,55.4370921688558,10.4899007400718,"Odense","event_391","Syddanmark"
"Performing and Visual Arts",2024-06-14,55.4091583402955,10.3484881608159,"Odense","event_392","Syddanmark"
"Business",2024-06-14,55.3797354628264,10.2274434152031,"Odense","event_393","Syddanmark"
"Travel & Outdoor",2024-06-14,55.3658343082963,10.4865905179404,"Odense","event_394","Syddanmark"
"Art",2024-06-14,55.3910335945049,10.4318702334479,"Odense","event_395","Syddanmark"
"Science & Tech",2024-06-14,55.3423548900448,10.4468680715709,"Odense","event_396","Syddanmark"
"Cars & Boats & Planes",2024-06-14,55.4132530051729,10.2352860961115,"Odense","event_397","Syddanmark"
"Education",2024-06-14,55.3925488953897,10.3855218450181,"Odense","event_398","Syddanmark"
"Charity",2024-06-14,55.4170616829655,10.4517444550872,"Odense","event_399","Syddanmark"
"Sports & Fitness",2024-06-14,55.3535209181675,10.4380351024277,"Odense","event_400","Syddanmark"
"Performing and Visual Arts",2024-06-14,55.3633910380111,10.2980906348753,"Odense","event_401","Syddanmark"
"Travel & Outdoor",2024-06-14,55.3460336548646,10.5017448262868,"Odense","event_402","Syddanmark"
"Business",2024-06-14,55.3677521602551,10.5076750043773,"Odense","event_403","Syddanmark"
"Music",2024-06-14,55.3285662714617,10.3660356477146,"Odense","event_404","Syddanmark"
"Science & Tech",2024-06-14,55.3752319135308,10.484055331265,"Odense","event_405","Syddanmark"
"Travel & Outdoor",2024-06-14,55.3704945566611,10.4490252789337,"Odense","event_406","Syddanmark"
"Health",2024-06-14,55.4304000423036,10.4053070773082,"Odense","event_407","Syddanmark"
"Charity",2024-06-14,55.3948993596275,10.2011135414299,"Odense","event_408","Syddanmark"
"Film & Media",2024-06-12,55.8063642921638,11.428501356714,"Odsherred","event_409","Sjælland"
"Performing and Visual Arts",2024-06-12,55.875345037211,11.5978391464669,"Odsherred","event_410","Sjælland"
"Music",2024-06-12,55.8297908278336,11.6341152725765,"Odsherred","event_411","Sjælland"
"Charity",2024-06-12,55.8472459763016,11.7174409066089,"Odsherred","event_412","Sjælland"
"Music",2024-06-25,56.5565566103612,9.9987079455287,"Randers","event_413","Midtjylland"
"Science & Tech",2024-06-25,56.5375353149339,9.80973045138002,"Randers","event_414","Midtjylland"
"Performing and Visual Arts",2024-06-25,56.5765256449889,9.97886391105597,"Randers","event_415","Midtjylland"
"Sports & Fitness",2024-06-25,56.4972923329785,10.0105772446581,"Randers","event_416","Midtjylland"
"Travel & Outdoor",2024-06-25,56.6618074754236,10.1748931429317,"Randers","event_417","Midtjylland"
"Spirituality",2024-06-25,56.5261773332917,9.93391656302695,"Randers","event_418","Midtjylland"
"Health",2024-06-25,56.5850820900022,9.95343822188958,"Randers","event_419","Midtjylland"
"Business",2024-06-25,56.4059936402604,10.1316251511122,"Randers","event_420","Midtjylland"
"Music",2024-06-25,56.4031049777902,9.97113176659071,"Randers","event_421","Midtjylland"
"Performing and Visual Arts",2024-06-25,56.5798002712257,10.0752466007778,"Randers","event_422","Midtjylland"
"Science & Tech",2024-06-25,56.5525973123117,9.92107946728652,"Randers","event_423","Midtjylland"
"Film & Media",2024-06-06,56.7895840910784,9.66008777173752,"Rebild","event_424","Nordjylland"
"Food & Drink",2024-06-06,56.7529782700728,9.60209804467013,"Rebild","event_425","Nordjylland"
"Sports & Fitness",2024-06-06,56.7934832127586,9.69342370885918,"Rebild","event_426","Nordjylland"
"Charity",2024-06-06,56.9091625690003,9.69951335528498,"Rebild","event_427","Nordjylland"
"Charity",2024-06-20,56.0873784217581,8.50335040275195,"Ringkøbing-Skjern","event_428","Midtjylland"
"Performing and Visual Arts",2024-06-20,55.8141129909532,8.36295262868896,"Ringkøbing-Skjern","event_429","Midtjylland"
"Cars & Boats & Planes",2024-06-20,56.1473499966067,8.26664413597875,"Ringkøbing-Skjern","event_430","Midtjylland"
"Science & Tech",2024-06-20,56.2086784063663,8.36670165691428,"Ringkøbing-Skjern","event_431","Midtjylland"
"Business",2024-06-20,56.0195535980743,8.69692897477785,"Ringkøbing-Skjern","event_432","Midtjylland"
"Charity",2024-06-20,56.172994789271,8.19819110021326,"Ringkøbing-Skjern","event_433","Midtjylland"
"Science & Tech",2024-06-28,55.3792648759548,11.8237119303024,"Ringsted","event_434","Sjælland"
"Performing and Visual Arts",2024-06-28,55.4329142636813,11.9220184483292,"Ringsted","event_435","Sjælland"
"Food & Drink",2024-06-28,55.4035157101969,11.9221007521422,"Ringsted","event_436","Sjælland"
"Food & Drink",2024-06-28,55.3788715464692,11.7797250836277,"Ringsted","event_437","Sjælland"
"Spirituality",2024-06-28,55.7213520234963,12.1202231214447,"Roskilde","event_438","Sjælland"
"Sports & Fitness",2024-06-28,55.6967498539524,12.1662355281919,"Roskilde","event_439","Sjælland"
"Film & Media",2024-06-28,55.7057081094034,12.184657793203,"Roskilde","event_440","Sjælland"
"Spirituality",2024-06-28,55.6317282551386,12.0386055877767,"Roskilde","event_441","Sjælland"
"Health",2024-06-28,55.5567851683345,12.0027678215553,"Roskilde","event_442","Sjælland"
"Spirituality",2024-06-28,55.625915519628,12.0246327170652,"Roskilde","event_443","Sjælland"
"Performing and Visual Arts",2024-06-28,55.5334382131412,11.9859946061708,"Roskilde","event_444","Sjælland"
"Music",2024-06-28,55.5542558381577,12.0660543635081,"Roskilde","event_445","Sjælland"
"Charity",2024-06-28,55.5688135670548,12.1648230627027,"Roskilde","event_446","Sjælland"
"Charity",2024-06-28,55.5825097967712,12.0719641190923,"Roskilde","event_447","Sjælland"
"Travel & Outdoor",2024-06-29,55.8213345794901,12.4857261303247,"Rudersdal","event_448","Hovedstaden"
"Music",2024-06-29,55.8361740436526,12.4965386657,"Rudersdal","event_449","Hovedstaden"
"Business",2024-06-29,55.8489718820408,12.402832366495,"Rudersdal","event_450","Hovedstaden"
"Spirituality",2024-06-29,55.8490492835988,12.5229945212082,"Rudersdal","event_451","Hovedstaden"
"Sports & Fitness",2024-06-29,55.8368026202689,12.5045470978825,"Rudersdal","event_452","Hovedstaden"
"Sports & Fitness",2024-06-29,55.8478654541662,12.4205763839642,"Rudersdal","event_453","Hovedstaden"
"Charity",2024-06-27,55.6708429880126,12.4694634222555,"Rødovre","event_454","Hovedstaden"
"Cars & Boats & Planes",2024-06-27,55.6960165725491,12.4318616501635,"Rødovre","event_455","Hovedstaden"
"Music",2024-06-27,55.6891146815972,12.4391818539902,"Rødovre","event_456","Hovedstaden"
"Charity",2024-06-27,55.6870083900213,12.4362605136127,"Rødovre","event_457","Hovedstaden"
"Travel & Outdoor",2024-06-27,55.7005546804589,12.4299387494382,"Rødovre","event_458","Hovedstaden"
"Health",2024-06-02,55.8397388299807,10.6128867231061,"Samsø","event_459","Midtjylland"
"Charity",2024-06-21,56.1026167026472,9.44279315865402,"Silkeborg","event_460","Midtjylland"
"Art",2024-06-21,56.1093260799455,9.50809433129069,"Silkeborg","event_461","Midtjylland"
"Education",2024-06-21,56.1543636476652,9.56648543461295,"Silkeborg","event_462","Midtjylland"
"Health",2024-06-21,56.2086379553812,9.47388927187647,"Silkeborg","event_463","Midtjylland"
"Science & Tech",2024-06-21,56.2354701700964,9.30151919826015,"Silkeborg","event_464","Midtjylland"
"Travel & Outdoor",2024-06-21,56.2522802026657,9.77886464517648,"Silkeborg","event_465","Midtjylland"
"Art",2024-06-21,56.1894751467507,9.61971094461286,"Silkeborg","event_466","Midtjylland"
"Sports & Fitness",2024-06-21,56.2951693227109,9.53010356602192,"Silkeborg","event_467","Midtjylland"
"Travel & Outdoor",2024-06-21,56.0834803334154,9.55557941631667,"Silkeborg","event_468","Midtjylland"
"Art",2024-06-21,56.1725659585776,9.77015783650517,"Silkeborg","event_469","Midtjylland"
"Film & Media",2024-06-21,56.2774146981041,9.66256032449192,"Silkeborg","event_470","Midtjylland"
"Education",2024-06-04,56.006586351529,9.94902028420972,"Skanderborg","event_471","Midtjylland"
"Health",2024-06-04,56.1707302668098,9.96080724959917,"Skanderborg","event_472","Midtjylland"
"Art",2024-06-04,56.0012641621262,9.82592689106191,"Skanderborg","event_473","Midtjylland"
"Business",2024-06-04,56.0812354738679,10.0196643222452,"Skanderborg","event_474","Midtjylland"
"Science & Tech",2024-06-04,56.0854925381133,9.67937502101358,"Skanderborg","event_475","Midtjylland"
"Education",2024-06-04,56.0393393882866,10.0072135075945,"Skanderborg","event_476","Midtjylland"
"Music",2024-06-04,56.0971228964673,9.68944677489248,"Skanderborg","event_477","Midtjylland"
"Education",2024-06-21,56.5790202643062,9.12551819697566,"Skive","event_478","Midtjylland"
"Spirituality",2024-06-21,56.4993162713222,8.97540506478029,"Skive","event_479","Midtjylland"
"Business",2024-06-21,56.537469134143,9.18647978796607,"Skive","event_480","Midtjylland"
"Food & Drink",2024-06-21,56.6655231756245,9.04212523516379,"Skive","event_481","Midtjylland"
"Art",2024-06-21,56.6018712282767,8.84269696616962,"Skive","event_482","Midtjylland"
"Music",2024-06-28,55.2136685789618,11.3325320649337,"Slagelse","event_483","Sjælland"
"Sports & Fitness",2024-06-28,55.3486385456957,11.160504416964,"Slagelse","event_484","Sjælland"
"Education",2024-06-28,55.310208865287,11.2163435045537,"Slagelse","event_485","Sjælland"
"Health",2024-06-28,55.4601251738415,11.4387523725146,"Slagelse","event_486","Sjælland"
"Music",2024-06-28,55.4197645748599,11.487785472687,"Slagelse","event_487","Sjælland"
"Science & Tech",2024-06-28,55.4362855626904,11.2375800482537,"Slagelse","event_488","Sjælland"
"Art",2024-06-28,55.4415562588076,11.2734244376715,"Slagelse","event_489","Sjælland"
"Food & Drink",2024-06-28,55.2893979985416,11.2817886170261,"Slagelse","event_490","Sjælland"
"Charity",2024-06-28,55.461881378995,11.456008678754,"Slagelse","event_491","Sjælland"
"Cars & Boats & Planes",2024-06-22,55.5526174642376,12.1652587965409,"Solrød","event_492","Sjælland"
"Health",2024-06-22,55.5200336731626,12.1806233656843,"Solrød","event_493","Sjælland"
"Performing and Visual Arts",2024-06-22,55.5444535336675,12.2048827552055,"Solrød","event_494","Sjælland"
"Health",2024-06-06,55.5252596531257,11.6507121915819,"Sorø","event_495","Sjælland"
"Cars & Boats & Planes",2024-06-06,55.5342287502767,11.4806688772429,"Sorø","event_496","Sjælland"
"Sports & Fitness",2024-06-06,55.4296274002836,11.5502888063503,"Sorø","event_497","Sjælland"
"Travel & Outdoor",2024-06-06,55.4046196090666,11.5210412946957,"Sorø","event_498","Sjælland"
"Travel & Outdoor",2024-06-24,55.3687587713192,12.135659366548,"Stevns","event_499","Sjælland"
"Travel & Outdoor",2024-06-24,55.370975062423,12.3629112468963,"Stevns","event_500","Sjælland"
"Cars & Boats & Planes",2024-06-24,55.3760138708532,12.2486452030686,"Stevns","event_501","Sjælland"
"Spirituality",2024-06-02,56.6087486510616,8.55343854373013,"Struer","event_502","Midtjylland"
"Travel & Outdoor",2024-06-02,56.4004078145452,8.47825698689794,"Struer","event_503","Midtjylland"
"Art",2024-06-02,56.5211725700172,8.59292726295617,"Struer","event_504","Midtjylland"
"Spirituality",2024-06-09,55.0865807438279,10.3973701170715,"Svendborg","event_505","Syddanmark"
"Business",2024-06-09,54.9958510651992,10.6122196698846,"Svendborg","event_506","Syddanmark"
"Film & Media",2024-06-09,55.0889735467329,10.5910902900184,"Svendborg","event_507","Syddanmark"
"Science & Tech",2024-06-09,55.1488576468805,10.5389340755641,"Svendborg","event_508","Syddanmark"
"Travel & Outdoor",2024-06-09,54.9553449623483,10.6206794171017,"Svendborg","event_509","Syddanmark"
"Music",2024-06-09,55.0836627511867,10.7517762359845,"Svendborg","event_510","Syddanmark"
"Sports & Fitness",2024-06-10,56.260037188317,10.4990736809804,"Syddjurs","event_511","Midtjylland"
"Sports & Fitness",2024-06-10,56.3186765933074,10.3253427456175,"Syddjurs","event_512","Midtjylland"
"Education",2024-06-10,56.2636675028362,10.7671515332236,"Syddjurs","event_513","Midtjylland"
"Charity",2024-06-10,56.3915118559658,10.4912260270887,"Syddjurs","event_514","Midtjylland"
"Cars & Boats & Planes",2024-06-10,56.3811665060335,10.2265470820157,"Syddjurs","event_515","Midtjylland"
"Business",2024-06-07,54.915943417086,9.89575219430107,"Sønderborg","event_516","Syddanmark"
"Art",2024-06-07,54.9301119207241,9.83442202269635,"Sønderborg","event_517","Syddanmark"
"Music",2024-06-07,54.9054908007301,9.60069668652391,"Sønderborg","event_518","Syddanmark"
"Travel & Outdoor",2024-06-07,55.0246014001963,9.7968757072964,"Sønderborg","event_519","Syddanmark"
"Business",2024-06-07,54.9426868072045,9.59215502502333,"Sønderborg","event_520","Syddanmark"
"Spirituality",2024-06-07,54.9882512967752,9.66731805651041,"Sønderborg","event_521","Syddanmark"
"Performing and Visual Arts",2024-06-07,54.8670802153282,9.64928189457349,"Sønderborg","event_522","Syddanmark"
"Music",2024-06-07,55.0771567967124,9.77575925617496,"Sønderborg","event_523","Syddanmark"
"Cars & Boats & Planes",2024-06-22,56.7123075347448,8.46317386750311,"Thisted","event_524","Nordjylland"
"Sports & Fitness",2024-06-22,57.0120775942516,8.51671194984252,"Thisted","event_525","Nordjylland"
"Education",2024-06-22,57.0749369798742,9.03112905606974,"Thisted","event_526","Nordjylland"
"Spirituality",2024-06-22,56.996689315315,8.91830632224813,"Thisted","event_527","Nordjylland"
"Performing and Visual Arts",2024-06-22,56.6871835595441,8.35505834374128,"Thisted","event_528","Nordjylland"
"Health",2024-06-21,55.1171589582782,8.67640697791393,"Tønder","event_529","Syddanmark"
"Charity",2024-06-21,55.0615690021008,8.91667664521094,"Tønder","event_530","Syddanmark"
"Food & Drink",2024-06-21,55.0428452299754,8.95851640386345,"Tønder","event_531","Syddanmark"
"Film & Media",2024-06-21,54.9975891918012,8.71026303147177,"Tønder","event_532","Syddanmark"
"Business",2024-06-17,55.6039751544659,12.5971401676053,"Tårnby","event_533","Hovedstaden"
"Business",2024-06-17,55.5902583867365,12.5716825829411,"Tårnby","event_534","Hovedstaden"
"Travel & Outdoor",2024-06-17,55.6303991625603,12.6428282444237,"Tårnby","event_535","Hovedstaden"
"Charity",2024-06-17,55.6216084439629,12.7758848084515,"Tårnby","event_536","Hovedstaden"
"Travel & Outdoor",2024-06-17,55.646168156563,12.7624618365374,"Tårnby","event_537","Hovedstaden"
"Art",2024-06-22,55.6331566811865,12.3640583277634,"Vallensbæk","event_538","Hovedstaden"
"Food & Drink",2024-06-22,55.6420051391094,12.370320294436,"Vallensbæk","event_539","Hovedstaden"
"Business",2024-06-22,55.6719483776945,8.50150369856393,"Varde","event_540","Syddanmark"
"Health",2024-06-22,55.7751367323006,8.48089163417123,"Varde","event_541","Syddanmark"
"Education",2024-06-22,55.5519980794584,8.69983164422039,"Varde","event_542","Syddanmark"
"Travel & Outdoor",2024-06-22,55.7438266971265,8.49150501040913,"Varde","event_543","Syddanmark"
"Charity",2024-06-22,55.6731250087369,8.529106439726,"Varde","event_544","Syddanmark"
"Sports & Fitness",2024-06-25,55.3567387783237,9.21976178790477,"Vejen","event_545","Syddanmark"
"Cars & Boats & Planes",2024-06-25,55.4417329004469,8.97737384620406,"Vejen","event_546","Syddanmark"
"Food & Drink",2024-06-25,55.4441743857008,9.1434005041823,"Vejen","event_547","Syddanmark"
"Spirituality",2024-06-25,55.5970175951345,9.10360956362249,"Vejen","event_548","Syddanmark"
"Cars & Boats & Planes",2024-06-25,55.6140495176488,8.91374822584775,"Vejen","event_549","Syddanmark"
"Food & Drink",2024-06-01,55.8155603063602,9.37650758239362,"Vejle","event_550","Syddanmark"
"Performing and Visual Arts",2024-06-01,55.6756203165313,9.66886480036523,"Vejle","event_551","Syddanmark"
"Art",2024-06-01,55.6951032103237,9.39240831724806,"Vejle","event_552","Syddanmark"
"Cars & Boats & Planes",2024-06-01,55.6303609284941,9.25578718142157,"Vejle","event_553","Syddanmark"
"Science & Tech",2024-06-01,55.9259699488585,9.27243110995479,"Vejle","event_554","Syddanmark"
"Education",2024-06-01,55.7470831391121,9.62277966383733,"Vejle","event_555","Syddanmark"
"Sports & Fitness",2024-06-01,55.6852132214678,9.60858725435179,"Vejle","event_556","Syddanmark"
"Travel & Outdoor",2024-06-01,55.8143732717345,9.49122396721552,"Vejle","event_557","Syddanmark"
"Food & Drink",2024-06-01,55.7733994022995,9.38282503501989,"Vejle","event_558","Syddanmark"
"Travel & Outdoor",2024-06-01,55.6245320758493,9.67109776712463,"Vejle","event_559","Syddanmark"
"Art",2024-06-01,55.5976864540295,9.38576224060196,"Vejle","event_560","Syddanmark"
"Music",2024-06-01,55.7395428015701,9.65332350345104,"Vejle","event_561","Syddanmark"
"Cars & Boats & Planes",2024-06-01,55.8993127435605,9.18082480132452,"Vejle","event_562","Syddanmark"
"Music",2024-06-20,56.8817763299223,9.39061024448755,"Vesthimmerland","event_563","Nordjylland"
"Film & Media",2024-06-20,56.6876968869349,9.213124444835,"Vesthimmerland","event_564","Nordjylland"
"Spirituality",2024-06-20,56.8806346509814,9.32728597145082,"Vesthimmerland","event_565","Nordjylland"
"Cars & Boats & Planes",2024-06-20,56.7250436819457,9.50601907343457,"Vesthimmerland","event_566","Nordjylland"
"Sports & Fitness",2024-06-03,56.5156496123726,9.20410083439488,"Viborg","event_567","Midtjylland"
"Charity",2024-06-03,56.4515665851614,9.56612886215634,"Viborg","event_568","Midtjylland"
"Music",2024-06-03,56.4208059279469,9.7400294958324,"Viborg","event_569","Midtjylland"
"Art",2024-06-03,56.3130116534316,9.12951298191722,"Viborg","event_570","Midtjylland"
"Travel & Outdoor",2024-06-03,56.4779575121511,9.26407517578482,"Viborg","event_571","Midtjylland"
"Film & Media",2024-06-03,56.2950776305274,9.08356659422082,"Viborg","event_572","Midtjylland"
"Music",2024-06-03,56.3967105332585,9.60054836895642,"Viborg","event_573","Midtjylland"
"Music",2024-06-03,56.3511593586202,9.37216814697225,"Viborg","event_574","Midtjylland"
"Music",2024-06-03,56.3112126704017,9.15371492069259,"Viborg","event_575","Midtjylland"
"Food & Drink",2024-06-03,56.4813151116472,9.24798253328936,"Viborg","event_576","Midtjylland"
"Performing and Visual Arts",2024-06-05,55.0247126667006,11.8832830658646,"Vordingborg","event_577","Sjælland"
"Film & Media",2024-06-05,54.9102505065795,12.2290906006202,"Vordingborg","event_578","Sjælland"
"Education",2024-06-05,55.1117904728066,12.0468840614452,"Vordingborg","event_579","Sjælland"
"Sports & Fitness",2024-06-05,54.9702104781843,12.4291166371953,"Vordingborg","event_580","Sjælland"
"Food & Drink",2024-06-05,55.1282477197461,11.9887288766551,"Vordingborg","event_581","Sjælland"
"Performing and Visual Arts",2024-06-19,54.8495872401275,10.5155868839833,"Ærø","event_582","Syddanmark"
"Film & Media",2024-06-20,54.9878861991144,9.58154143048378,"Aabenraa","event_583","Syddanmark"
"Science & Tech",2024-06-20,54.9054394593497,9.07100930095307,"Aabenraa","event_584","Syddanmark"
"Business",2024-06-20,54.9137328709549,9.46267809339282,"Aabenraa","event_585","Syddanmark"
"Spirituality",2024-06-20,54.9652094786572,9.0957181858199,"Aabenraa","event_586","Syddanmark"
"Art",2024-06-20,54.8731368388739,9.49151476498007,"Aabenraa","event_587","Syddanmark"
"Business",2024-06-20,55.1316100670239,9.36555032983597,"Aabenraa","event_588","Syddanmark"
"Education",2024-06-02,57.1254492382442,9.81607053464713,"Aalborg","event_589","Nordjylland"
"Health",2024-06-02,57.1575733651713,10.0387085833775,"Aalborg","event_590","Nordjylland"
"Music",2024-06-02,57.0620204686238,10.217968330575,"Aalborg","event_591","Nordjylland"
"Music",2024-06-02,57.0222389248414,10.2655381673829,"Aalborg","event_592","Nordjylland"
"Sports & Fitness",2024-06-02,56.9883706102833,10.1814846242022,"Aalborg","event_593","Nordjylland"
"Art",2024-06-02,57.1130802840475,9.99421362795902,"Aalborg","event_594","Nordjylland"
"Cars & Boats & Planes",2024-06-02,56.9187896480646,10.2011300722353,"Aalborg","event_595","Nordjylland"
"Health",2024-06-02,56.9312254395917,9.64844062897299,"Aalborg","event_596","Nordjylland"
"Charity",2024-06-02,56.8710103533944,10.2536180744724,"Aalborg","event_597","Nordjylland"
"Travel & Outdoor",2024-06-02,57.0902141453062,10.070652262474,"Aalborg","event_598","Nordjylland"
"Charity",2024-06-02,56.9961524798441,9.51411356766788,"Aalborg","event_599","Nordjylland"
"Education",2024-06-02,57.1573298305259,9.94890162919377,"Aalborg","event_600","Nordjylland"
"Food & Drink",2024-06-02,57.0957459099932,10.3111940041564,"Aalborg","event_601","Nordjylland"
"Cars & Boats & Planes",2024-06-02,56.9334032249263,9.67310850015828,"Aalborg","event_602","Nordjylland"
"Film & Media",2024-06-02,57.0709430553483,10.0592650467627,"Aalborg","event_603","Nordjylland"
"Travel & Outdoor",2024-06-02,56.9430427360532,9.5845789629796,"Aalborg","event_604","Nordjylland"
"Music",2024-06-02,56.9656439426817,9.45082497099082,"Aalborg","event_605","Nordjylland"
"Film & Media",2024-06-02,56.8723366162248,10.1860110676611,"Aalborg","event_606","Nordjylland"
"Sports & Fitness",2024-06-02,57.074202617402,10.3272243666608,"Aalborg","event_607","Nordjylland"
"Food & Drink",2024-06-02,57.0010259991322,9.94867273837066,"Aalborg","event_608","Nordjylland"
"Performing and Visual Arts",2024-06-02,57.0375756957141,10.2769560511662,"Aalborg","event_609","Nordjylland"
"Science & Tech",2024-06-02,57.0447543010861,9.89712127227997,"Aalborg","event_610","Nordjylland"
"Music",2024-06-02,57.018096273562,10.1651405273099,"Aalborg","event_611","Nordjylland"
"Health",2024-06-05,56.020968513267,10.1874579378794,"Århus","event_612","Midtjylland"
"Sports & Fitness",2024-06-05,56.0146814706635,10.1384758668138,"Århus","event_613","Midtjylland"
"Business",2024-06-05,56.2293885185467,10.1778267394423,"Århus","event_614","Midtjylland"
"Education",2024-06-05,56.016422532156,10.2188429308889,"Århus","event_615","Midtjylland"
"Music",2024-06-05,56.2194549511708,10.084101861663,"Århus","event_616","Midtjylland"
"Charity",2024-06-05,56.2844115482432,10.232282581614,"Århus","event_617","Midtjylland"
"Food & Drink",2024-06-05,56.2503054457497,10.1254164288753,"Århus","event_618","Midtjylland"
"Sports & Fitness",2024-06-05,56.2330060803736,10.3019951276982,"Århus","event_619","Midtjylland"
"Health",2024-06-05,56.1012630401083,10.142007539489,"Århus","event_620","Midtjylland"
"Performing and Visual Arts",2024-06-05,56.212154303376,10.1732068903637,"Århus","event_621","Midtjylland"
"Health",2024-06-05,56.1947732304968,10.1025060913385,"Århus","event_622","Midtjylland"
"Film & Media",2024-06-05,56.0455103537179,10.0679648696571,"Århus","event_623","Midtjylland"
"Film & Media",2024-06-05,56.2977447977724,10.2208860349211,"Århus","event_624","Midtjylland"
"Science & Tech",2024-06-05,56.0528069059713,10.1238725401278,"Århus","event_625","Midtjylland"
"Food & Drink",2024-06-05,56.1347297598026,10.1521589609545,"Århus","event_626","Midtjylland"
"Spirituality",2024-06-05,56.2188403955356,10.0274290058724,"Århus","event_627","Midtjylland"
"Health",2024-06-05,56.0080993273912,10.1031786889009,"Århus","event_628","Midtjylland"
"Charity",2024-06-05,56.1069361893013,10.1348464862981,"Århus","event_629","Midtjylland"
"Travel & Outdoor",2024-06-05,56.2305375330368,10.0324192407929,"Århus","event_630","Midtjylland"
"Art",2024-06-05,56.0043707021829,10.0854428895576,"Århus","event_631","Midtjylland"
"Sports & Fitness",2024-06-05,56.1086207686196,10.1543855738562,"Århus","event_632","Midtjylland"
"Film & Media",2024-06-05,56.1696282483702,9.98716887950801,"Århus","event_633","Midtjylland"
"Spirituality",2024-06-05,56.1882971877263,10.0268853710435,"Århus","event_634","Midtjylland"
"Education",2024-06-05,56.0264144037577,10.1316944698341,"Århus","event_635","Midtjylland"
"Science & Tech",2024-06-05,56.0225063611401,10.1863849341118,"Århus","event_636","Midtjylland"
"Science & Tech",2024-06-05,56.2671147521041,10.2052923959651,"Århus","event_637","Midtjylland"
"Food & Drink",2024-06-05,56.026617638255,10.1288947753619,"Århus","event_638","Midtjylland"
"Education",2024-06-05,56.0344527831899,10.2657456001687,"Århus","event_639","Midtjylland"
"Performing and Visual Arts",2024-06-05,56.0951637064898,10.1068984519238,"Århus","event_640","Midtjylland"
"Film & Media",2024-06-05,56.1040985277123,10.1609586940524,"Århus","event_641","Midtjylland"
"Charity",2024-06-05,56.0288531148114,10.2067577174183,"Århus","event_642","Midtjylland"
"Food & Drink",2024-06-05,56.2118478139787,10.185650091702,"Århus","event_643","Midtjylland"
"Health",2024-06-05,56.1896296855255,10.1034268277797,"Århus","event_644","Midtjylland"
"Travel & Outdoor",2024-06-05,56.080147643726,10.1962545081502,"Århus","event_645","Midtjylland"
"Charity",2024-06-05,56.1764868492762,10.0076134988324,"Århus","event_646","Midtjylland"
"Science & Tech",2024-06-05,56.1827013355585,10.0567414217171,"Århus","event_647","Midtjylland"
"Sports & Fitness",2024-06-05,56.2409353622537,10.1329532779854,"Århus","event_648","Midtjylland"
