OMRÅDE;TID;INDHOLD
Hele landet;2021M10;5867412
Hele landet;2021M11;5870785
Hele landet;2021M12;5873623
Hele landet;2022M01;5873420
Hele landet;2022M02;5875393
Hele landet;2022M03;5880087
Hele landet;2022M04;5883562
Hele landet;2022M05;5892871
Hele landet;2022M06;5904245
Hele landet;2022M07;5910577
Hele landet;2022M08;5913538
Hele landet;2022M09;5920527
Hele landet;2022M10;5928364
Hele landet;2022M11;5931586
Hele landet;2022M12;5934002
Hele landet;2023M01;5932654
Hele landet;2023M02;5935619
Hele landet;2023M03;5938745
Hele landet;2023M04;5941388
Hele landet;2023M05;5942520
Hele landet;2023M06;5942711
Hele landet;2023M07;5944145
Hele landet;2023M08;5945278
Hele landet;2023M09;5952575
Hele landet;2023M10;5959464
Hele landet;2023M11;5962302
Hele landet;2023M12;5964059
Hele landet;2024M01;5961249
Hele landet;2024M02;5962689
Hele landet;2024M03;5965990
Hele landet;2024M04;5967824
Region Hovedstaden;2021M10;1866088
Region Hovedstaden;2021M11;1867476
Region Hovedstaden;2021M12;1868521
Region Hovedstaden;2022M01;1867948
Region Hovedstaden;2022M02;1868907
Region Hovedstaden;2022M03;1871462
Region Hovedstaden;2022M04;1872791
Region Hovedstaden;2022M05;1875166
Region Hovedstaden;2022M06;1877258
Region Hovedstaden;2022M07;1879191
Region Hovedstaden;2022M08;1880043
Region Hovedstaden;2022M09;1884253
Region Hovedstaden;2022M10;1889272
Region Hovedstaden;2022M11;1891313
Region Hovedstaden;2022M12;1892814
Region Hovedstaden;2023M01;1891871
Region Hovedstaden;2023M02;1894887
Region Hovedstaden;2023M03;1896934
Region Hovedstaden;2023M04;1898426
Region Hovedstaden;2023M05;1899303
Region Hovedstaden;2023M06;1899086
Region Hovedstaden;2023M07;1900006
Region Hovedstaden;2023M08;1900642
Region Hovedstaden;2023M09;1905635
Region Hovedstaden;2023M10;1910395
Region Hovedstaden;2023M11;1912356
Region Hovedstaden;2023M12;1913497
Region Hovedstaden;2024M01;1911067
Region Hovedstaden;2024M02;1913090
Region Hovedstaden;2024M03;1915483
Region Hovedstaden;2024M04;1916575
København;2021M10;643613
København;2021M11;644582
København;2021M12;644987
København;2022M01;644431
København;2022M02;644944
København;2022M03;646479
København;2022M04;646812
København;2022M05;647339
København;2022M06;647309
København;2022M07;647509
København;2022M08;647071
København;2022M09;649060
København;2022M10;652564
København;2022M11;653905
København;2022M12;654759
København;2023M01;653664
København;2023M02;655304
København;2023M03;656236
København;2023M04;656787
København;2023M05;656886
København;2023M06;655819
København;2023M07;655730
København;2023M08;655423
København;2023M09;657826
København;2023M10;660842
København;2023M11;661786
København;2023M12;662022
København;2024M01;659350
København;2024M02;660692
København;2024M03;662181
København;2024M04;662366
Frederiksberg;2021M10;103782
Frederiksberg;2021M11;103859
Frederiksberg;2021M12;103963
Frederiksberg;2022M01;103608
Frederiksberg;2022M02;103683
Frederiksberg;2022M03;103838
Frederiksberg;2022M04;103940
Frederiksberg;2022M05;104102
Frederiksberg;2022M06;104117
Frederiksberg;2022M07;104094
Frederiksberg;2022M08;104024
Frederiksberg;2022M09;104636
Frederiksberg;2022M10;104801
Frederiksberg;2022M11;104901
Frederiksberg;2022M12;104909
Frederiksberg;2023M01;104664
Frederiksberg;2023M02;104839
Frederiksberg;2023M03;105036
Frederiksberg;2023M04;104968
Frederiksberg;2023M05;104886
Frederiksberg;2023M06;104818
Frederiksberg;2023M07;104566
Frederiksberg;2023M08;104423
Frederiksberg;2023M09;105029
Frederiksberg;2023M10;105293
Frederiksberg;2023M11;105377
Frederiksberg;2023M12;105360
Frederiksberg;2024M01;104899
Frederiksberg;2024M02;105100
Frederiksberg;2024M03;105323
Frederiksberg;2024M04;105469
Dragør;2021M10;14616
Dragør;2021M11;14597
Dragør;2021M12;14602
Dragør;2022M01;14640
Dragør;2022M02;14611
Dragør;2022M03;14592
Dragør;2022M04;14585
Dragør;2022M05;14600
Dragør;2022M06;14633
Dragør;2022M07;14669
Dragør;2022M08;14678
Dragør;2022M09;14667
Dragør;2022M10;14631
Dragør;2022M11;14635
Dragør;2022M12;14636
Dragør;2023M01;14609
Dragør;2023M02;14583
Dragør;2023M03;14539
Dragør;2023M04;14535
Dragør;2023M05;14527
Dragør;2023M06;14531
Dragør;2023M07;14519
Dragør;2023M08;14527
Dragør;2023M09;14532
Dragør;2023M10;14545
Dragør;2023M11;14538
Dragør;2023M12;14549
Dragør;2024M01;14569
Dragør;2024M02;14572
Dragør;2024M03;14538
Dragør;2024M04;14504
Tårnby;2021M10;42664
Tårnby;2021M11;42677
Tårnby;2021M12;42728
Tårnby;2022M01;42723
Tårnby;2022M02;42728
Tårnby;2022M03;42762
Tårnby;2022M04;42819
Tårnby;2022M05;42887
Tårnby;2022M06;43005
Tårnby;2022M07;43042
Tårnby;2022M08;43140
Tårnby;2022M09;43147
Tårnby;2022M10;43129
Tårnby;2022M11;43077
Tårnby;2022M12;43061
Tårnby;2023M01;43042
Tårnby;2023M02;43047
Tårnby;2023M03;43078
Tårnby;2023M04;43138
Tårnby;2023M05;43161
Tårnby;2023M06;43248
Tårnby;2023M07;43309
Tårnby;2023M08;43448
Tårnby;2023M09;43622
Tårnby;2023M10;43678
Tårnby;2023M11;43721
Tårnby;2023M12;43801
Tårnby;2024M01;43915
Tårnby;2024M02;43895
Tårnby;2024M03;43886
Tårnby;2024M04;43877
Albertslund;2021M10;27411
Albertslund;2021M11;27480
Albertslund;2021M12;27575
Albertslund;2022M01;27599
Albertslund;2022M02;27650
Albertslund;2022M03;27589
Albertslund;2022M04;27548
Albertslund;2022M05;27498
Albertslund;2022M06;27539
Albertslund;2022M07;27547
Albertslund;2022M08;27520
Albertslund;2022M09;27507
Albertslund;2022M10;27576
Albertslund;2022M11;27544
Albertslund;2022M12;27563
Albertslund;2023M01;27530
Albertslund;2023M02;27549
Albertslund;2023M03;27539
Albertslund;2023M04;27527
Albertslund;2023M05;27515
Albertslund;2023M06;27493
Albertslund;2023M07;27499
Albertslund;2023M08;27528
Albertslund;2023M09;27580
Albertslund;2023M10;27662
Albertslund;2023M11;27651
Albertslund;2023M12;27671
Albertslund;2024M01;27677
Albertslund;2024M02;27682
Albertslund;2024M03;27677
Albertslund;2024M04;27633
Ballerup;2021M10;49259
Ballerup;2021M11;49205
Ballerup;2021M12;49228
Ballerup;2022M01;49274
Ballerup;2022M02;49295
Ballerup;2022M03;49394
Ballerup;2022M04;49422
Ballerup;2022M05;49508
Ballerup;2022M06;49537
Ballerup;2022M07;49623
Ballerup;2022M08;49620
Ballerup;2022M09;49719
Ballerup;2022M10;49854
Ballerup;2022M11;49899
Ballerup;2022M12;49946
Ballerup;2023M01;50039
Ballerup;2023M02;50042
Ballerup;2023M03;50096
Ballerup;2023M04;50141
Ballerup;2023M05;50227
Ballerup;2023M06;50267
Ballerup;2023M07;50474
Ballerup;2023M08;50487
Ballerup;2023M09;50663
Ballerup;2023M10;50812
Ballerup;2023M11;50929
Ballerup;2023M12;51119
Ballerup;2024M01;51237
Ballerup;2024M02;51338
Ballerup;2024M03;51372
Ballerup;2024M04;51619
Brøndby;2021M10;35501
Brøndby;2021M11;35506
Brøndby;2021M12;35535
Brøndby;2022M01;35651
Brøndby;2022M02;35781
Brøndby;2022M03;35775
Brøndby;2022M04;35850
Brøndby;2022M05;36031
Brøndby;2022M06;36054
Brøndby;2022M07;36161
Brøndby;2022M08;36312
Brøndby;2022M09;36338
Brøndby;2022M10;36610
Brøndby;2022M11;36683
Brøndby;2022M12;36935
Brøndby;2023M01;37128
Brøndby;2023M02;37281
Brøndby;2023M03;37387
Brøndby;2023M04;37519
Brøndby;2023M05;37667
Brøndby;2023M06;37778
Brøndby;2023M07;37899
Brøndby;2023M08;38062
Brøndby;2023M09;38355
Brøndby;2023M10;38652
Brøndby;2023M11;38828
Brøndby;2023M12;39007
Brøndby;2024M01;39067
Brøndby;2024M02;39140
Brøndby;2024M03;39287
Brøndby;2024M04;39400
Gentofte;2021M10;74270
Gentofte;2021M11;74253
Gentofte;2021M12;74154
Gentofte;2022M01;74217
Gentofte;2022M02;74259
Gentofte;2022M03;74226
Gentofte;2022M04;74268
Gentofte;2022M05;74301
Gentofte;2022M06;74398
Gentofte;2022M07;74492
Gentofte;2022M08;74609
Gentofte;2022M09;74694
Gentofte;2022M10;74666
Gentofte;2022M11;74757
Gentofte;2022M12;74849
Gentofte;2023M01;74838
Gentofte;2023M02;74933
Gentofte;2023M03;74950
Gentofte;2023M04;74985
Gentofte;2023M05;75042
Gentofte;2023M06;75029
Gentofte;2023M07;75015
Gentofte;2023M08;75038
Gentofte;2023M09;74996
Gentofte;2023M10;74992
Gentofte;2023M11;75033
Gentofte;2023M12;74996
Gentofte;2024M01;75033
Gentofte;2024M02;74986
Gentofte;2024M03;75042
Gentofte;2024M04;75001
Gladsaxe;2021M10;69135
Gladsaxe;2021M11;69165
Gladsaxe;2021M12;69321
Gladsaxe;2022M01;69259
Gladsaxe;2022M02;69244
Gladsaxe;2022M03;69246
Gladsaxe;2022M04;69264
Gladsaxe;2022M05;69377
Gladsaxe;2022M06;69537
Gladsaxe;2022M07;69520
Gladsaxe;2022M08;69616
Gladsaxe;2022M09;69754
Gladsaxe;2022M10;69887
Gladsaxe;2022M11;70001
Gladsaxe;2022M12;70064
Gladsaxe;2023M01;70001
Gladsaxe;2023M02;70005
Gladsaxe;2023M03;70079
Gladsaxe;2023M04;70067
Gladsaxe;2023M05;70130
Gladsaxe;2023M06;70250
Gladsaxe;2023M07;70322
Gladsaxe;2023M08;70441
Gladsaxe;2023M09;70520
Gladsaxe;2023M10;70573
Gladsaxe;2023M11;70565
Gladsaxe;2023M12;70687
Gladsaxe;2024M01;70600
Gladsaxe;2024M02;70690
Gladsaxe;2024M03;70682
Gladsaxe;2024M04;70681
Glostrup;2021M10;23543
Glostrup;2021M11;23529
Glostrup;2021M12;23519
Glostrup;2022M01;23514
Glostrup;2022M02;23474
Glostrup;2022M03;23477
Glostrup;2022M04;23510
Glostrup;2022M05;23489
Glostrup;2022M06;23540
Glostrup;2022M07;23555
Glostrup;2022M08;23566
Glostrup;2022M09;23631
Glostrup;2022M10;23636
Glostrup;2022M11;23661
Glostrup;2022M12;23633
Glostrup;2023M01;23635
Glostrup;2023M02;23650
Glostrup;2023M03;23661
Glostrup;2023M04;23660
Glostrup;2023M05;23643
Glostrup;2023M06;23635
Glostrup;2023M07;23669
Glostrup;2023M08;23651
Glostrup;2023M09;23694
Glostrup;2023M10;23709
Glostrup;2023M11;23724
Glostrup;2023M12;23695
Glostrup;2024M01;23655
Glostrup;2024M02;23669
Glostrup;2024M03;23640
Glostrup;2024M04;23666
Herlev;2021M10;28868
Herlev;2021M11;28872
Herlev;2021M12;28861
Herlev;2022M01;28867
Herlev;2022M02;28849
Herlev;2022M03;28845
Herlev;2022M04;28807
Herlev;2022M05;28848
Herlev;2022M06;28855
Herlev;2022M07;28864
Herlev;2022M08;28920
Herlev;2022M09;28938
Herlev;2022M10;29027
Herlev;2022M11;29115
Herlev;2022M12;29164
Herlev;2023M01;29215
Herlev;2023M02;29323
Herlev;2023M03;29344
Herlev;2023M04;29332
Herlev;2023M05;29327
Herlev;2023M06;29346
Herlev;2023M07;29318
Herlev;2023M08;29310
Herlev;2023M09;29459
Herlev;2023M10;29533
Herlev;2023M11;29688
Herlev;2023M12;29814
Herlev;2024M01;29876
Herlev;2024M02;29982
Herlev;2024M03;30040
Herlev;2024M04;30037
Hvidovre;2021M10;53277
Hvidovre;2021M11;53277
Hvidovre;2021M12;53292
Hvidovre;2022M01;53267
Hvidovre;2022M02;53216
Hvidovre;2022M03;53209
Hvidovre;2022M04;53223
Hvidovre;2022M05;53247
Hvidovre;2022M06;53328
Hvidovre;2022M07;53324
Hvidovre;2022M08;53289
Hvidovre;2022M09;53359
Hvidovre;2022M10;53474
Hvidovre;2022M11;53524
Hvidovre;2022M12;53490
Hvidovre;2023M01;53443
Hvidovre;2023M02;53495
Hvidovre;2023M03;53500
Hvidovre;2023M04;53549
Hvidovre;2023M05;53577
Hvidovre;2023M06;53628
Hvidovre;2023M07;53625
Hvidovre;2023M08;53696
Hvidovre;2023M09;53760
Hvidovre;2023M10;53773
Hvidovre;2023M11;53766
Hvidovre;2023M12;53737
Hvidovre;2024M01;53760
Hvidovre;2024M02;53776
Hvidovre;2024M03;53785
Hvidovre;2024M04;53785
Høje-Taastrup;2021M10;52702
Høje-Taastrup;2021M11;52795
Høje-Taastrup;2021M12;52936
Høje-Taastrup;2022M01;53053
Høje-Taastrup;2022M02;53129
Høje-Taastrup;2022M03;53370
Høje-Taastrup;2022M04;53538
Høje-Taastrup;2022M05;53658
Høje-Taastrup;2022M06;53971
Høje-Taastrup;2022M07;54192
Høje-Taastrup;2022M08;54418
Høje-Taastrup;2022M09;54515
Høje-Taastrup;2022M10;54648
Høje-Taastrup;2022M11;54835
Høje-Taastrup;2022M12;55076
Høje-Taastrup;2023M01;55258
Høje-Taastrup;2023M02;55604
Høje-Taastrup;2023M03;55737
Høje-Taastrup;2023M04;55895
Høje-Taastrup;2023M05;56058
Høje-Taastrup;2023M06;56143
Høje-Taastrup;2023M07;56300
Høje-Taastrup;2023M08;56563
Høje-Taastrup;2023M09;56773
Høje-Taastrup;2023M10;57079
Høje-Taastrup;2023M11;57273
Høje-Taastrup;2023M12;57404
Høje-Taastrup;2024M01;57540
Høje-Taastrup;2024M02;57584
Høje-Taastrup;2024M03;57801
Høje-Taastrup;2024M04;57941
Ishøj;2021M10;23131
Ishøj;2021M11;23180
Ishøj;2021M12;23194
Ishøj;2022M01;23225
Ishøj;2022M02;23262
Ishøj;2022M03;23303
Ishøj;2022M04;23293
Ishøj;2022M05;23310
Ishøj;2022M06;23248
Ishøj;2022M07;23317
Ishøj;2022M08;23374
Ishøj;2022M09;23434
Ishøj;2022M10;23487
Ishøj;2022M11;23451
Ishøj;2022M12;23421
Ishøj;2023M01;23457
Ishøj;2023M02;23547
Ishøj;2023M03;23604
Ishøj;2023M04;23653
Ishøj;2023M05;23667
Ishøj;2023M06;23677
Ishøj;2023M07;23643
Ishøj;2023M08;23624
Ishøj;2023M09;23631
Ishøj;2023M10;23650
Ishøj;2023M11;23681
Ishøj;2023M12;23660
Ishøj;2024M01;23663
Ishøj;2024M02;23689
Ishøj;2024M03;23752
Ishøj;2024M04;23727
Lyngby-Taarbæk;2021M10;57834
Lyngby-Taarbæk;2021M11;57886
Lyngby-Taarbæk;2021M12;57885
Lyngby-Taarbæk;2022M01;57826
Lyngby-Taarbæk;2022M02;57817
Lyngby-Taarbæk;2022M03;58016
Lyngby-Taarbæk;2022M04;58017
Lyngby-Taarbæk;2022M05;58198
Lyngby-Taarbæk;2022M06;58116
Lyngby-Taarbæk;2022M07;58075
Lyngby-Taarbæk;2022M08;57838
Lyngby-Taarbæk;2022M09;58209
Lyngby-Taarbæk;2022M10;58457
Lyngby-Taarbæk;2022M11;58472
Lyngby-Taarbæk;2022M12;58503
Lyngby-Taarbæk;2023M01;58434
Lyngby-Taarbæk;2023M02;58426
Lyngby-Taarbæk;2023M03;58474
Lyngby-Taarbæk;2023M04;58480
Lyngby-Taarbæk;2023M05;58493
Lyngby-Taarbæk;2023M06;58435
Lyngby-Taarbæk;2023M07;58365
Lyngby-Taarbæk;2023M08;58146
Lyngby-Taarbæk;2023M09;58666
Lyngby-Taarbæk;2023M10;58752
Lyngby-Taarbæk;2023M11;58765
Lyngby-Taarbæk;2023M12;58673
Lyngby-Taarbæk;2024M01;58538
Lyngby-Taarbæk;2024M02;58603
Lyngby-Taarbæk;2024M03;58677
Lyngby-Taarbæk;2024M04;58593
Rødovre;2021M10;41219
Rødovre;2021M11;41246
Rødovre;2021M12;41360
Rødovre;2022M01;41382
Rødovre;2022M02;41449
Rødovre;2022M03;41468
Rødovre;2022M04;41478
Rødovre;2022M05;41463
Rødovre;2022M06;41520
Rødovre;2022M07;41649
Rødovre;2022M08;41799
Rødovre;2022M09;42220
Rødovre;2022M10;42408
Rødovre;2022M11;42495
Rødovre;2022M12;42517
Rødovre;2023M01;42563
Rødovre;2023M02;42783
Rødovre;2023M03;42903
Rødovre;2023M04;43107
Rødovre;2023M05;43299
Rødovre;2023M06;43391
Rødovre;2023M07;43594
Rødovre;2023M08;43679
Rødovre;2023M09;43795
Rødovre;2023M10;43925
Rødovre;2023M11;44053
Rødovre;2023M12;44228
Rødovre;2024M01;44328
Rødovre;2024M02;44360
Rødovre;2024M03;44445
Rødovre;2024M04;44512
Vallensbæk;2021M10;16501
Vallensbæk;2021M11;16532
Vallensbæk;2021M12;16483
Vallensbæk;2022M01;16488
Vallensbæk;2022M02;16511
Vallensbæk;2022M03;16511
Vallensbæk;2022M04;16521
Vallensbæk;2022M05;16588
Vallensbæk;2022M06;16625
Vallensbæk;2022M07;16668
Vallensbæk;2022M08;16722
Vallensbæk;2022M09;16797
Vallensbæk;2022M10;16855
Vallensbæk;2022M11;16856
Vallensbæk;2022M12;16891
Vallensbæk;2023M01;17031
Vallensbæk;2023M02;17134
Vallensbæk;2023M03;17175
Vallensbæk;2023M04;17200
Vallensbæk;2023M05;17212
Vallensbæk;2023M06;17363
Vallensbæk;2023M07;17500
Vallensbæk;2023M08;17593
Vallensbæk;2023M09;17661
Vallensbæk;2023M10;17750
Vallensbæk;2023M11;17801
Vallensbæk;2023M12;17805
Vallensbæk;2024M01;17800
Vallensbæk;2024M02;17801
Vallensbæk;2024M03;17850
Vallensbæk;2024M04;17884
Allerød;2021M10;25882
Allerød;2021M11;25884
Allerød;2021M12;25853
Allerød;2022M01;25867
Allerød;2022M02;25829
Allerød;2022M03;25864
Allerød;2022M04;25876
Allerød;2022M05;25930
Allerød;2022M06;25967
Allerød;2022M07;26008
Allerød;2022M08;26059
Allerød;2022M09;26038
Allerød;2022M10;26039
Allerød;2022M11;26063
Allerød;2022M12;26049
Allerød;2023M01;26061
Allerød;2023M02;26035
Allerød;2023M03;26039
Allerød;2023M04;26016
Allerød;2023M05;25982
Allerød;2023M06;26029
Allerød;2023M07;26006
Allerød;2023M08;25999
Allerød;2023M09;25989
Allerød;2023M10;25955
Allerød;2023M11;25996
Allerød;2023M12;25982
Allerød;2024M01;25962
Allerød;2024M02;25967
Allerød;2024M03;25971
Allerød;2024M04;25977
Egedal;2021M10;44226
Egedal;2021M11;44298
Egedal;2021M12;44337
Egedal;2022M01;44375
Egedal;2022M02;44429
Egedal;2022M03;44485
Egedal;2022M04;44531
Egedal;2022M05;44670
Egedal;2022M06;44801
Egedal;2022M07;44893
Egedal;2022M08;45025
Egedal;2022M09;45001
Egedal;2022M10;45032
Egedal;2022M11;45087
Egedal;2022M12;45200
Egedal;2023M01;45202
Egedal;2023M02;45244
Egedal;2023M03;45323
Egedal;2023M04;45303
Egedal;2023M05;45347
Egedal;2023M06;45358
Egedal;2023M07;45384
Egedal;2023M08;45430
Egedal;2023M09;45478
Egedal;2023M10;45519
Egedal;2023M11;45542
Egedal;2023M12;45542
Egedal;2024M01;45532
Egedal;2024M02;45517
Egedal;2024M03;45530
Egedal;2024M04;45556
Fredensborg;2021M10;41152
Fredensborg;2021M11;41158
Fredensborg;2021M12;41191
Fredensborg;2022M01;41211
Fredensborg;2022M02;41261
Fredensborg;2022M03;41305
Fredensborg;2022M04;41337
Fredensborg;2022M05;41475
Fredensborg;2022M06;41597
Fredensborg;2022M07;41644
Fredensborg;2022M08;41719
Fredensborg;2022M09;41736
Fredensborg;2022M10;41713
Fredensborg;2022M11;41708
Fredensborg;2022M12;41716
Fredensborg;2023M01;41689
Fredensborg;2023M02;41722
Fredensborg;2023M03;41746
Fredensborg;2023M04;41721
Fredensborg;2023M05;41722
Fredensborg;2023M06;41760
Fredensborg;2023M07;41820
Fredensborg;2023M08;41803
Fredensborg;2023M09;41809
Fredensborg;2023M10;41805
Fredensborg;2023M11;41835
Fredensborg;2023M12;41920
Fredensborg;2024M01;42009
Fredensborg;2024M02;41974
Fredensborg;2024M03;41969
Fredensborg;2024M04;41995
Frederikssund;2021M10;45842
Frederikssund;2021M11;45794
Frederikssund;2021M12;45750
Frederikssund;2022M01;45800
Frederikssund;2022M02;45810
Frederikssund;2022M03;45828
Frederikssund;2022M04;45905
Frederikssund;2022M05;45953
Frederikssund;2022M06;46104
Frederikssund;2022M07;46213
Frederikssund;2022M08;46216
Frederikssund;2022M09;46209
Frederikssund;2022M10;46263
Frederikssund;2022M11;46200
Frederikssund;2022M12;46107
Frederikssund;2023M01;46117
Frederikssund;2023M02;46105
Frederikssund;2023M03;46119
Frederikssund;2023M04;46219
Frederikssund;2023M05;46255
Frederikssund;2023M06;46243
Frederikssund;2023M07;46288
Frederikssund;2023M08;46298
Frederikssund;2023M09;46269
Frederikssund;2023M10;46322
Frederikssund;2023M11;46344
Frederikssund;2023M12;46306
Frederikssund;2024M01;46358
Frederikssund;2024M02;46518
Frederikssund;2024M03;46513
Frederikssund;2024M04;46645
Furesø;2021M10;41360
Furesø;2021M11;41395
Furesø;2021M12;41379
Furesø;2022M01;41402
Furesø;2022M02;41415
Furesø;2022M03;41529
Furesø;2022M04;41577
Furesø;2022M05;41631
Furesø;2022M06;41753
Furesø;2022M07;41794
Furesø;2022M08;41901
Furesø;2022M09;41930
Furesø;2022M10;41913
Furesø;2022M11;41982
Furesø;2022M12;42029
Furesø;2023M01;42077
Furesø;2023M02;42158
Furesø;2023M03;42203
Furesø;2023M04;42146
Furesø;2023M05;42176
Furesø;2023M06;42254
Furesø;2023M07;42300
Furesø;2023M08;42372
Furesø;2023M09;42375
Furesø;2023M10;42447
Furesø;2023M11;42427
Furesø;2023M12;42451
Furesø;2024M01;42533
Furesø;2024M02;42504
Furesø;2024M03;42453
Furesø;2024M04;42441
Gribskov;2021M10;41228
Gribskov;2021M11;41148
Gribskov;2021M12;41132
Gribskov;2022M01;41147
Gribskov;2022M02;41159
Gribskov;2022M03;41188
Gribskov;2022M04;41269
Gribskov;2022M05;41419
Gribskov;2022M06;41495
Gribskov;2022M07;41576
Gribskov;2022M08;41661
Gribskov;2022M09;41667
Gribskov;2022M10;41622
Gribskov;2022M11;41567
Gribskov;2022M12;41524
Gribskov;2023M01;41547
Gribskov;2023M02;41536
Gribskov;2023M03;41648
Gribskov;2023M04;41808
Gribskov;2023M05;41812
Gribskov;2023M06;41854
Gribskov;2023M07;41937
Gribskov;2023M08;41969
Gribskov;2023M09;41981
Gribskov;2023M10;42014
Gribskov;2023M11;41937
Gribskov;2023M12;41909
Gribskov;2024M01;41920
Gribskov;2024M02;41877
Gribskov;2024M03;41825
Gribskov;2024M04;41817
Halsnæs;2021M10;31465
Halsnæs;2021M11;31367
Halsnæs;2021M12;31340
Halsnæs;2022M01;31344
Halsnæs;2022M02;31348
Halsnæs;2022M03;31370
Halsnæs;2022M04;31433
Halsnæs;2022M05;31426
Halsnæs;2022M06;31507
Halsnæs;2022M07;31607
Halsnæs;2022M08;31643
Halsnæs;2022M09;31601
Halsnæs;2022M10;31598
Halsnæs;2022M11;31546
Halsnæs;2022M12;31463
Halsnæs;2023M01;31466
Halsnæs;2023M02;31439
Halsnæs;2023M03;31432
Halsnæs;2023M04;31492
Halsnæs;2023M05;31485
Halsnæs;2023M06;31495
Halsnæs;2023M07;31516
Halsnæs;2023M08;31562
Halsnæs;2023M09;31581
Halsnæs;2023M10;31530
Halsnæs;2023M11;31494
Halsnæs;2023M12;31472
Halsnæs;2024M01;31515
Halsnæs;2024M02;31440
Halsnæs;2024M03;31476
Halsnæs;2024M04;31604
Helsingør;2021M10;63097
Helsingør;2021M11;63028
Helsingør;2021M12;63028
Helsingør;2022M01;62875
Helsingør;2022M02;62889
Helsingør;2022M03;62892
Helsingør;2022M04;62947
Helsingør;2022M05;63034
Helsingør;2022M06;63171
Helsingør;2022M07;63242
Helsingør;2022M08;63338
Helsingør;2022M09;63442
Helsingør;2022M10;63420
Helsingør;2022M11;63434
Helsingør;2022M12;63455
Helsingør;2023M01;63399
Helsingør;2023M02;63362
Helsingør;2023M03;63425
Helsingør;2023M04;63471
Helsingør;2023M05;63505
Helsingør;2023M06;63564
Helsingør;2023M07;63675
Helsingør;2023M08;63741
Helsingør;2023M09;63745
Helsingør;2023M10;63796
Helsingør;2023M11;63859
Helsingør;2023M12;63865
Helsingør;2024M01;63838
Helsingør;2024M02;63852
Helsingør;2024M03;63883
Helsingør;2024M04;63888
Hillerød;2021M10;52706
Hillerød;2021M11;52990
Hillerød;2021M12;53149
Hillerød;2022M01;53257
Hillerød;2022M02;53292
Hillerød;2022M03;53339
Hillerød;2022M04;53405
Hillerød;2022M05;53467
Hillerød;2022M06;53618
Hillerød;2022M07;53799
Hillerød;2022M08;53873
Hillerød;2022M09;53956
Hillerød;2022M10;53978
Hillerød;2022M11;54047
Hillerød;2022M12;54066
Hillerød;2023M01;54159
Hillerød;2023M02;54183
Hillerød;2023M03;54160
Hillerød;2023M04;54209
Hillerød;2023M05;54171
Hillerød;2023M06;54143
Hillerød;2023M07;54191
Hillerød;2023M08;54243
Hillerød;2023M09;54222
Hillerød;2023M10;54243
Hillerød;2023M11;54277
Hillerød;2023M12;54367
Hillerød;2024M01;54422
Hillerød;2024M02;54390
Hillerød;2024M03;54479
Hillerød;2024M04;54512
Hørsholm;2021M10;24751
Hørsholm;2021M11;24750
Hørsholm;2021M12;24774
Hørsholm;2022M01;24761
Hørsholm;2022M02;24724
Hørsholm;2022M03;24729
Hørsholm;2022M04;24735
Hørsholm;2022M05;24700
Hørsholm;2022M06;24703
Hørsholm;2022M07;24782
Hørsholm;2022M08;24820
Hørsholm;2022M09;24841
Hørsholm;2022M10;24826
Hørsholm;2022M11;24775
Hørsholm;2022M12;24760
Hørsholm;2023M01;24715
Hørsholm;2023M02;24707
Hørsholm;2023M03;24694
Hørsholm;2023M04;24704
Hørsholm;2023M05;24732
Hørsholm;2023M06;24742
Hørsholm;2023M07;24792
Hørsholm;2023M08;24808
Hørsholm;2023M09;24821
Hørsholm;2023M10;24774
Hørsholm;2023M11;24749
Hørsholm;2023M12;24759
Hørsholm;2024M01;24811
Hørsholm;2024M02;24816
Hørsholm;2024M03;24814
Hørsholm;2024M04;24831
Rudersdal;2021M10;57349
Rudersdal;2021M11;57330
Rudersdal;2021M12;57280
Rudersdal;2022M01;57247
Rudersdal;2022M02;57248
Rudersdal;2022M03;57195
Rudersdal;2022M04;57255
Rudersdal;2022M05;57325
Rudersdal;2022M06;57380
Rudersdal;2022M07;57424
Rudersdal;2022M08;57355
Rudersdal;2022M09;57340
Rudersdal;2022M10;57267
Rudersdal;2022M11;57274
Rudersdal;2022M12;57252
Rudersdal;2023M01;57193
Rudersdal;2023M02;57182
Rudersdal;2023M03;57166
Rudersdal;2023M04;57151
Rudersdal;2023M05;57161
Rudersdal;2023M06;57132
Rudersdal;2023M07;57055
Rudersdal;2023M08;57087
Rudersdal;2023M09;57204
Rudersdal;2023M10;57219
Rudersdal;2023M11;57194
Rudersdal;2023M12;57213
Rudersdal;2024M01;57237
Rudersdal;2024M02;57295
Rudersdal;2024M03;57269
Rudersdal;2024M04;57293
Bornholm;2021M10;39610
Bornholm;2021M11;39600
Bornholm;2021M12;39592
Bornholm;2022M01;39545
Bornholm;2022M02;39510
Bornholm;2022M03;39547
Bornholm;2022M04;39535
Bornholm;2022M05;39601
Bornholm;2022M06;39739
Bornholm;2022M07;39817
Bornholm;2022M08;39826
Bornholm;2022M09;39771
Bornholm;2022M10;39788
Bornholm;2022M11;39726
Bornholm;2022M12;39684
Bornholm;2023M01;39602
Bornholm;2023M02;39575
Bornholm;2023M03;39547
Bornholm;2023M04;39545
Bornholm;2023M05;39541
Bornholm;2023M06;39565
Bornholm;2023M07;39601
Bornholm;2023M08;39597
Bornholm;2023M09;39503
Bornholm;2023M10;39460
Bornholm;2023M11;39432
Bornholm;2023M12;39392
Bornholm;2024M01;39332
Bornholm;2024M02;39289
Bornholm;2024M03;39231
Bornholm;2024M04;39229
Christiansø;2021M10;94
Christiansø;2021M11;93
Christiansø;2021M12;93
Christiansø;2022M01;93
Christiansø;2022M02;91
Christiansø;2022M03;91
Christiansø;2022M04;91
Christiansø;2022M05;91
Christiansø;2022M06;91
Christiansø;2022M07;91
Christiansø;2022M08;91
Christiansø;2022M09;96
Christiansø;2022M10;103
Christiansø;2022M11;93
Christiansø;2022M12;92
Christiansø;2023M01;93
Christiansø;2023M02;94
Christiansø;2023M03;94
Christiansø;2023M04;98
Christiansø;2023M05;97
Christiansø;2023M06;96
Christiansø;2023M07;94
Christiansø;2023M08;94
Christiansø;2023M09;96
Christiansø;2023M10;91
Christiansø;2023M11;91
Christiansø;2023M12;91
Christiansø;2024M01;91
Christiansø;2024M02;92
Christiansø;2024M03;92
Christiansø;2024M04;92
Region Sjælland;2021M10;842681
Region Sjælland;2021M11;842913
Region Sjælland;2021M12;843328
Region Sjælland;2022M01;843513
Region Sjælland;2022M02;843641
Region Sjælland;2022M03;844039
Region Sjælland;2022M04;844587
Region Sjælland;2022M05;845773
Region Sjælland;2022M06;847329
Region Sjælland;2022M07;848626
Region Sjælland;2022M08;849459
Region Sjælland;2022M09;849577
Region Sjælland;2022M10;849629
Region Sjælland;2022M11;849847
Region Sjælland;2022M12;850037
Region Sjælland;2023M01;849857
Region Sjælland;2023M02;849743
Region Sjælland;2023M03;849908
Region Sjælland;2023M04;850230
Region Sjælland;2023M05;850487
Region Sjælland;2023M06;850847
Region Sjælland;2023M07;851307
Region Sjælland;2023M08;851747
Region Sjælland;2023M09;851516
Region Sjælland;2023M10;851815
Region Sjælland;2023M11;852248
Region Sjælland;2023M12;852587
Region Sjælland;2024M01;852953
Region Sjælland;2024M02;852803
Region Sjælland;2024M03;852943
Region Sjælland;2024M04;853267
Greve;2021M10;50701
Greve;2021M11;50741
Greve;2021M12;50817
Greve;2022M01;50818
Greve;2022M02;50837
Greve;2022M03;50900
Greve;2022M04;50900
Greve;2022M05;51083
Greve;2022M06;51244
Greve;2022M07;51346
Greve;2022M08;51435
Greve;2022M09;51436
Greve;2022M10;51461
Greve;2022M11;51524
Greve;2022M12;51529
Greve;2023M01;51507
Greve;2023M02;51483
Greve;2023M03;51462
Greve;2023M04;51483
Greve;2023M05;51522
Greve;2023M06;51589
Greve;2023M07;51596
Greve;2023M08;51696
Greve;2023M09;51692
Greve;2023M10;51769
Greve;2023M11;51850
Greve;2023M12;51988
Greve;2024M01;52157
Greve;2024M02;52243
Greve;2024M03;52322
Greve;2024M04;52310
Køge;2021M10;61706
Køge;2021M11;61711
Køge;2021M12;61807
Køge;2022M01;61718
Køge;2022M02;61655
Køge;2022M03;61699
Køge;2022M04;61779
Køge;2022M05;61830
Køge;2022M06;61987
Køge;2022M07;62121
Køge;2022M08;62129
Køge;2022M09;62236
Køge;2022M10;62326
Køge;2022M11;62366
Køge;2022M12;62373
Køge;2023M01;62458
Køge;2023M02;62492
Køge;2023M03;62520
Køge;2023M04;62479
Køge;2023M05;62557
Køge;2023M06;62529
Køge;2023M07;62574
Køge;2023M08;62601
Køge;2023M09;62580
Køge;2023M10;62631
Køge;2023M11;62712
Køge;2023M12;62737
Køge;2024M01;62848
Køge;2024M02;62858
Køge;2024M03;62862
Køge;2024M04;62884
Lejre;2021M10;28630
Lejre;2021M11;28652
Lejre;2021M12;28642
Lejre;2022M01;28623
Lejre;2022M02;28578
Lejre;2022M03;28572
Lejre;2022M04;28630
Lejre;2022M05;28696
Lejre;2022M06;28789
Lejre;2022M07;28901
Lejre;2022M08;28951
Lejre;2022M09;28971
Lejre;2022M10;28966
Lejre;2022M11;28957
Lejre;2022M12;28928
Lejre;2023M01;28930
Lejre;2023M02;28902
Lejre;2023M03;28948
Lejre;2023M04;29016
Lejre;2023M05;29042
Lejre;2023M06;29085
Lejre;2023M07;29134
Lejre;2023M08;29193
Lejre;2023M09;29167
Lejre;2023M10;29213
Lejre;2023M11;29238
Lejre;2023M12;29300
Lejre;2024M01;29347
Lejre;2024M02;29348
Lejre;2024M03;29377
Lejre;2024M04;29405
Roskilde;2021M10;89208
Roskilde;2021M11;89325
Roskilde;2021M12;89403
Roskilde;2022M01;89447
Roskilde;2022M02;89469
Roskilde;2022M03;89601
Roskilde;2022M04;89615
Roskilde;2022M05;89878
Roskilde;2022M06;90067
Roskilde;2022M07;90178
Roskilde;2022M08;90258
Roskilde;2022M09;90390
Roskilde;2022M10;90452
Roskilde;2022M11;90496
Roskilde;2022M12;90526
Roskilde;2023M01;90446
Roskilde;2023M02;90405
Roskilde;2023M03;90385
Roskilde;2023M04;90458
Roskilde;2023M05;90487
Roskilde;2023M06;90536
Roskilde;2023M07;90460
Roskilde;2023M08;90470
Roskilde;2023M09;90625
Roskilde;2023M10;90695
Roskilde;2023M11;90802
Roskilde;2023M12;90864
Roskilde;2024M01;90931
Roskilde;2024M02;90928
Roskilde;2024M03;91020
Roskilde;2024M04;91119
Solrød;2021M10;23597
Solrød;2021M11;23676
Solrød;2021M12;23724
Solrød;2022M01;23794
Solrød;2022M02;23829
Solrød;2022M03;23853
Solrød;2022M04;23843
Solrød;2022M05;23835
Solrød;2022M06;23884
Solrød;2022M07;23897
Solrød;2022M08;23908
Solrød;2022M09;23908
Solrød;2022M10;23924
Solrød;2022M11;24015
Solrød;2022M12;24115
Solrød;2023M01;24216
Solrød;2023M02;24221
Solrød;2023M03;24244
Solrød;2023M04;24243
Solrød;2023M05;24269
Solrød;2023M06;24300
Solrød;2023M07;24414
Solrød;2023M08;24453
Solrød;2023M09;24456
Solrød;2023M10;24500
Solrød;2023M11;24543
Solrød;2023M12;24559
Solrød;2024M01;24579
Solrød;2024M02;24570
Solrød;2024M03;24573
Solrød;2024M04;24595
Faxe;2021M10;37062
Faxe;2021M11;37027
Faxe;2021M12;37115
Faxe;2022M01;37161
Faxe;2022M02;37180
Faxe;2022M03;37176
Faxe;2022M04;37155
Faxe;2022M05;37155
Faxe;2022M06;37167
Faxe;2022M07;37232
Faxe;2022M08;37286
Faxe;2022M09;37275
Faxe;2022M10;37251
Faxe;2022M11;37258
Faxe;2022M12;37297
Faxe;2023M01;37344
Faxe;2023M02;37360
Faxe;2023M03;37415
Faxe;2023M04;37443
Faxe;2023M05;37478
Faxe;2023M06;37527
Faxe;2023M07;37573
Faxe;2023M08;37633
Faxe;2023M09;37643
Faxe;2023M10;37695
Faxe;2023M11;37688
Faxe;2023M12;37724
Faxe;2024M01;37753
Faxe;2024M02;37715
Faxe;2024M03;37706
Faxe;2024M04;37697
Guldborgsund;2021M10;60317
Guldborgsund;2021M11;60328
Guldborgsund;2021M12;60311
Guldborgsund;2022M01;60310
Guldborgsund;2022M02;60302
Guldborgsund;2022M03;60278
Guldborgsund;2022M04;60259
Guldborgsund;2022M05;60336
Guldborgsund;2022M06;60404
Guldborgsund;2022M07;60457
Guldborgsund;2022M08;60441
Guldborgsund;2022M09;60354
Guldborgsund;2022M10;60376
Guldborgsund;2022M11;60337
Guldborgsund;2022M12;60319
Guldborgsund;2023M01;60231
Guldborgsund;2023M02;60147
Guldborgsund;2023M03;60103
Guldborgsund;2023M04;60088
Guldborgsund;2023M05;60044
Guldborgsund;2023M06;60011
Guldborgsund;2023M07;60035
Guldborgsund;2023M08;59978
Guldborgsund;2023M09;59848
Guldborgsund;2023M10;59808
Guldborgsund;2023M11;59814
Guldborgsund;2023M12;59842
Guldborgsund;2024M01;59759
Guldborgsund;2024M02;59715
Guldborgsund;2024M03;59591
Guldborgsund;2024M04;59616
Holbæk;2021M10;72662
Holbæk;2021M11;72726
Holbæk;2021M12;72807
Holbæk;2022M01;72810
Holbæk;2022M02;72898
Holbæk;2022M03;72938
Holbæk;2022M04;72990
Holbæk;2022M05;73075
Holbæk;2022M06;73136
Holbæk;2022M07;73252
Holbæk;2022M08;73372
Holbæk;2022M09;73338
Holbæk;2022M10;73352
Holbæk;2022M11;73394
Holbæk;2022M12;73465
Holbæk;2023M01;73440
Holbæk;2023M02;73571
Holbæk;2023M03;73628
Holbæk;2023M04;73680
Holbæk;2023M05;73715
Holbæk;2023M06;73703
Holbæk;2023M07;73767
Holbæk;2023M08;73807
Holbæk;2023M09;73844
Holbæk;2023M10;73919
Holbæk;2023M11;74010
Holbæk;2023M12;74108
Holbæk;2024M01;74129
Holbæk;2024M02;74097
Holbæk;2024M03;74134
Holbæk;2024M04;74191
Kalundborg;2021M10;48430
Kalundborg;2021M11;48434
Kalundborg;2021M12;48436
Kalundborg;2022M01;48368
Kalundborg;2022M02;48365
Kalundborg;2022M03;48375
Kalundborg;2022M04;48433
Kalundborg;2022M05;48463
Kalundborg;2022M06;48587
Kalundborg;2022M07;48649
Kalundborg;2022M08;48691
Kalundborg;2022M09;48652
Kalundborg;2022M10;48664
Kalundborg;2022M11;48689
Kalundborg;2022M12;48640
Kalundborg;2023M01;48602
Kalundborg;2023M02;48568
Kalundborg;2023M03;48501
Kalundborg;2023M04;48525
Kalundborg;2023M05;48530
Kalundborg;2023M06;48529
Kalundborg;2023M07;48524
Kalundborg;2023M08;48513
Kalundborg;2023M09;48438
Kalundborg;2023M10;48453
Kalundborg;2023M11;48397
Kalundborg;2023M12;48353
Kalundborg;2024M01;48309
Kalundborg;2024M02;48302
Kalundborg;2024M03;48250
Kalundborg;2024M04;48321
Lolland;2021M10;40241
Lolland;2021M11;40171
Lolland;2021M12;40155
Lolland;2022M01;40107
Lolland;2022M02;40068
Lolland;2022M03;40022
Lolland;2022M04;40026
Lolland;2022M05;40032
Lolland;2022M06;40045
Lolland;2022M07;40056
Lolland;2022M08;40110
Lolland;2022M09;40076
Lolland;2022M10;40060
Lolland;2022M11;40028
Lolland;2022M12;39997
Lolland;2023M01;39921
Lolland;2023M02;39888
Lolland;2023M03;39900
Lolland;2023M04;39881
Lolland;2023M05;39876
Lolland;2023M06;39847
Lolland;2023M07;39846
Lolland;2023M08;39851
Lolland;2023M09;39812
Lolland;2023M10;39754
Lolland;2023M11;39692
Lolland;2023M12;39666
Lolland;2024M01;39632
Lolland;2024M02;39600
Lolland;2024M03;39587
Lolland;2024M04;39598
Næstved;2021M10;83650
Næstved;2021M11;83712
Næstved;2021M12;83697
Næstved;2022M01;83801
Næstved;2022M02;83924
Næstved;2022M03;84000
Næstved;2022M04;84046
Næstved;2022M05;84104
Næstved;2022M06;84301
Næstved;2022M07;84507
Næstved;2022M08;84613
Næstved;2022M09;84614
Næstved;2022M10;84568
Næstved;2022M11;84577
Næstved;2022M12;84621
Næstved;2023M01;84574
Næstved;2023M02;84568
Næstved;2023M03;84596
Næstved;2023M04;84573
Næstved;2023M05;84554
Næstved;2023M06;84595
Næstved;2023M07;84651
Næstved;2023M08;84673
Næstved;2023M09;84665
Næstved;2023M10;84702
Næstved;2023M11;84712
Næstved;2023M12;84702
Næstved;2024M01;84747
Næstved;2024M02;84739
Næstved;2024M03;84745
Næstved;2024M04;84783
Odsherred;2021M10;32960
Odsherred;2021M11;32897
Odsherred;2021M12;32894
Odsherred;2022M01;32881
Odsherred;2022M02;32835
Odsherred;2022M03;32841
Odsherred;2022M04;32856
Odsherred;2022M05;32955
Odsherred;2022M06;33015
Odsherred;2022M07;33040
Odsherred;2022M08;33058
Odsherred;2022M09;33051
Odsherred;2022M10;33049
Odsherred;2022M11;33070
Odsherred;2022M12;33031
Odsherred;2023M01;32977
Odsherred;2023M02;32918
Odsherred;2023M03;32873
Odsherred;2023M04;32812
Odsherred;2023M05;32854
Odsherred;2023M06;32851
Odsherred;2023M07;32832
Odsherred;2023M08;32856
Odsherred;2023M09;32748
Odsherred;2023M10;32703
Odsherred;2023M11;32684
Odsherred;2023M12;32628
Odsherred;2024M01;32605
Odsherred;2024M02;32560
Odsherred;2024M03;32543
Odsherred;2024M04;32501
Ringsted;2021M10;35133
Ringsted;2021M11;35131
Ringsted;2021M12;35086
Ringsted;2022M01;35141
Ringsted;2022M02;35167
Ringsted;2022M03;35233
Ringsted;2022M04;35349
Ringsted;2022M05;35497
Ringsted;2022M06;35562
Ringsted;2022M07;35655
Ringsted;2022M08;35744
Ringsted;2022M09;35807
Ringsted;2022M10;35803
Ringsted;2022M11;35841
Ringsted;2022M12;35911
Ringsted;2023M01;35906
Ringsted;2023M02;35948
Ringsted;2023M03;35969
Ringsted;2023M04;36010
Ringsted;2023M05;35997
Ringsted;2023M06;36076
Ringsted;2023M07;36130
Ringsted;2023M08;36194
Ringsted;2023M09;36274
Ringsted;2023M10;36316
Ringsted;2023M11;36331
Ringsted;2023M12;36344
Ringsted;2024M01;36356
Ringsted;2024M02;36329
Ringsted;2024M03;36347
Ringsted;2024M04;36305
Slagelse;2021M10;79644
Slagelse;2021M11;79633
Slagelse;2021M12;79646
Slagelse;2022M01;79691
Slagelse;2022M02;79715
Slagelse;2022M03;79710
Slagelse;2022M04;79706
Slagelse;2022M05;79732
Slagelse;2022M06;79860
Slagelse;2022M07;79946
Slagelse;2022M08;79898
Slagelse;2022M09;79897
Slagelse;2022M10;79855
Slagelse;2022M11;79821
Slagelse;2022M12;79758
Slagelse;2023M01;79728
Slagelse;2023M02;79674
Slagelse;2023M03;79651
Slagelse;2023M04;79726
Slagelse;2023M05;79724
Slagelse;2023M06;79746
Slagelse;2023M07;79802
Slagelse;2023M08;79833
Slagelse;2023M09;79866
Slagelse;2023M10;79819
Slagelse;2023M11;79833
Slagelse;2023M12;79863
Slagelse;2024M01;79923
Slagelse;2024M02;79967
Slagelse;2024M03;80063
Slagelse;2024M04;80137
Sorø;2021M10;29970
Sorø;2021M11;29981
Sorø;2021M12;29994
Sorø;2022M01;30018
Sorø;2022M02;30010
Sorø;2022M03;29980
Sorø;2022M04;29992
Sorø;2022M05;30019
Sorø;2022M06;30071
Sorø;2022M07;30112
Sorø;2022M08;30206
Sorø;2022M09;30226
Sorø;2022M10;30258
Sorø;2022M11;30288
Sorø;2022M12;30355
Sorø;2023M01;30444
Sorø;2023M02;30470
Sorø;2023M03;30490
Sorø;2023M04;30515
Sorø;2023M05;30514
Sorø;2023M06;30545
Sorø;2023M07;30523
Sorø;2023M08;30479
Sorø;2023M09;30437
Sorø;2023M10;30444
Sorø;2023M11;30504
Sorø;2023M12;30511
Sorø;2024M01;30478
Sorø;2024M02;30475
Sorø;2024M03;30554
Sorø;2024M04;30573
Stevns;2021M10;23393
Stevns;2021M11;23403
Stevns;2021M12;23423
Stevns;2022M01;23473
Stevns;2022M02;23494
Stevns;2022M03;23551
Stevns;2022M04;23637
Stevns;2022M05;23690
Stevns;2022M06;23763
Stevns;2022M07;23825
Stevns;2022M08;23846
Stevns;2022M09;23837
Stevns;2022M10;23809
Stevns;2022M11;23765
Stevns;2022M12;23718
Stevns;2023M01;23692
Stevns;2023M02;23670
Stevns;2023M03;23679
Stevns;2023M04;23692
Stevns;2023M05;23615
Stevns;2023M06;23608
Stevns;2023M07;23636
Stevns;2023M08;23669
Stevns;2023M09;23631
Stevns;2023M10;23622
Stevns;2023M11;23680
Stevns;2023M12;23655
Stevns;2024M01;23649
Stevns;2024M02;23632
Stevns;2024M03;23641
Stevns;2024M04;23639
Vordingborg;2021M10;45377
Vordingborg;2021M11;45365
Vordingborg;2021M12;45371
Vordingborg;2022M01;45352
Vordingborg;2022M02;45315
Vordingborg;2022M03;45310
Vordingborg;2022M04;45371
Vordingborg;2022M05;45393
Vordingborg;2022M06;45447
Vordingborg;2022M07;45452
Vordingborg;2022M08;45513
Vordingborg;2022M09;45509
Vordingborg;2022M10;45455
Vordingborg;2022M11;45421
Vordingborg;2022M12;45454
Vordingborg;2023M01;45441
Vordingborg;2023M02;45458
Vordingborg;2023M03;45544
Vordingborg;2023M04;45606
Vordingborg;2023M05;45709
Vordingborg;2023M06;45770
Vordingborg;2023M07;45810
Vordingborg;2023M08;45848
Vordingborg;2023M09;45790
Vordingborg;2023M10;45772
Vordingborg;2023M11;45758
Vordingborg;2023M12;45743
Vordingborg;2024M01;45751
Vordingborg;2024M02;45725
Vordingborg;2024M03;45628
Vordingborg;2024M04;45593
Region Syddanmark;2021M10;1226798
Region Syddanmark;2021M11;1227587
Region Syddanmark;2021M12;1228237
Region Syddanmark;2022M01;1228362
Region Syddanmark;2022M02;1228561
Region Syddanmark;2022M03;1229259
Region Syddanmark;2022M04;1229866
Region Syddanmark;2022M05;1232003
Region Syddanmark;2022M06;1234655
Region Syddanmark;2022M07;1235747
Region Syddanmark;2022M08;1235979
Region Syddanmark;2022M09;1236012
Region Syddanmark;2022M10;1236926
Region Syddanmark;2022M11;1237346
Region Syddanmark;2022M12;1237622
Region Syddanmark;2023M01;1237413
Region Syddanmark;2023M02;1237480
Region Syddanmark;2023M03;1237903
Region Syddanmark;2023M04;1238252
Region Syddanmark;2023M05;1238282
Region Syddanmark;2023M06;1238044
Region Syddanmark;2023M07;1238043
Region Syddanmark;2023M08;1237972
Region Syddanmark;2023M09;1237678
Region Syddanmark;2023M10;1238503
Region Syddanmark;2023M11;1238591
Region Syddanmark;2023M12;1238719
Region Syddanmark;2024M01;1238406
Region Syddanmark;2024M02;1238187
Region Syddanmark;2024M03;1238492
Region Syddanmark;2024M04;1238644
Assens;2021M10;40861
Assens;2021M11;40931
Assens;2021M12;40968
Assens;2022M01;40972
Assens;2022M02;40926
Assens;2022M03;40950
Assens;2022M04;40912
Assens;2022M05;40934
Assens;2022M06;40981
Assens;2022M07;40980
Assens;2022M08;41025
Assens;2022M09;41052
Assens;2022M10;41013
Assens;2022M11;40981
Assens;2022M12;40961
Assens;2023M01;40944
Assens;2023M02;40905
Assens;2023M03;40855
Assens;2023M04;40875
Assens;2023M05;40861
Assens;2023M06;40835
Assens;2023M07;40805
Assens;2023M08;40809
Assens;2023M09;40788
Assens;2023M10;40767
Assens;2023M11;40739
Assens;2023M12;40693
Assens;2024M01;40646
Assens;2024M02;40646
Assens;2024M03;40626
Assens;2024M04;40659
Faaborg-Midtfyn;2021M10;51788
Faaborg-Midtfyn;2021M11;51824
Faaborg-Midtfyn;2021M12;51849
Faaborg-Midtfyn;2022M01;51849
Faaborg-Midtfyn;2022M02;51853
Faaborg-Midtfyn;2022M03;51914
Faaborg-Midtfyn;2022M04;51928
Faaborg-Midtfyn;2022M05;51981
Faaborg-Midtfyn;2022M06;52026
Faaborg-Midtfyn;2022M07;52101
Faaborg-Midtfyn;2022M08;52165
Faaborg-Midtfyn;2022M09;52141
Faaborg-Midtfyn;2022M10;52139
Faaborg-Midtfyn;2022M11;52193
Faaborg-Midtfyn;2022M12;52185
Faaborg-Midtfyn;2023M01;52253
Faaborg-Midtfyn;2023M02;52219
Faaborg-Midtfyn;2023M03;52191
Faaborg-Midtfyn;2023M04;52181
Faaborg-Midtfyn;2023M05;52222
Faaborg-Midtfyn;2023M06;52186
Faaborg-Midtfyn;2023M07;52239
Faaborg-Midtfyn;2023M08;52217
Faaborg-Midtfyn;2023M09;52213
Faaborg-Midtfyn;2023M10;52266
Faaborg-Midtfyn;2023M11;52258
Faaborg-Midtfyn;2023M12;52289
Faaborg-Midtfyn;2024M01;52291
Faaborg-Midtfyn;2024M02;52268
Faaborg-Midtfyn;2024M03;52252
Faaborg-Midtfyn;2024M04;52271
Kerteminde;2021M10;24006
Kerteminde;2021M11;24017
Kerteminde;2021M12;24038
Kerteminde;2022M01;24034
Kerteminde;2022M02;24039
Kerteminde;2022M03;24012
Kerteminde;2022M04;24040
Kerteminde;2022M05;24042
Kerteminde;2022M06;24068
Kerteminde;2022M07;24051
Kerteminde;2022M08;24037
Kerteminde;2022M09;24043
Kerteminde;2022M10;24064
Kerteminde;2022M11;24032
Kerteminde;2022M12;24001
Kerteminde;2023M01;23991
Kerteminde;2023M02;23979
Kerteminde;2023M03;24002
Kerteminde;2023M04;24021
Kerteminde;2023M05;24010
Kerteminde;2023M06;23977
Kerteminde;2023M07;23949
Kerteminde;2023M08;23973
Kerteminde;2023M09;23918
Kerteminde;2023M10;23891
Kerteminde;2023M11;23915
Kerteminde;2023M12;23904
Kerteminde;2024M01;23894
Kerteminde;2024M02;23910
Kerteminde;2024M03;23911
Kerteminde;2024M04;23903
Langeland;2021M10;12320
Langeland;2021M11;12335
Langeland;2021M12;12333
Langeland;2022M01;12316
Langeland;2022M02;12337
Langeland;2022M03;12309
Langeland;2022M04;12308
Langeland;2022M05;12340
Langeland;2022M06;12382
Langeland;2022M07;12421
Langeland;2022M08;12424
Langeland;2022M09;12410
Langeland;2022M10;12394
Langeland;2022M11;12400
Langeland;2022M12;12398
Langeland;2023M01;12384
Langeland;2023M02;12392
Langeland;2023M03;12357
Langeland;2023M04;12359
Langeland;2023M05;12334
Langeland;2023M06;12349
Langeland;2023M07;12358
Langeland;2023M08;12354
Langeland;2023M09;12332
Langeland;2023M10;12290
Langeland;2023M11;12303
Langeland;2023M12;12280
Langeland;2024M01;12260
Langeland;2024M02;12237
Langeland;2024M03;12214
Langeland;2024M04;12176
Middelfart;2021M10;39520
Middelfart;2021M11;39525
Middelfart;2021M12;39596
Middelfart;2022M01;39603
Middelfart;2022M02;39632
Middelfart;2022M03;39651
Middelfart;2022M04;39677
Middelfart;2022M05;39776
Middelfart;2022M06;39916
Middelfart;2022M07;39938
Middelfart;2022M08;40046
Middelfart;2022M09;40021
Middelfart;2022M10;39992
Middelfart;2022M11;39976
Middelfart;2022M12;39996
Middelfart;2023M01;39961
Middelfart;2023M02;40027
Middelfart;2023M03;40071
Middelfart;2023M04;40071
Middelfart;2023M05;40078
Middelfart;2023M06;40098
Middelfart;2023M07;40136
Middelfart;2023M08;40135
Middelfart;2023M09;40077
Middelfart;2023M10;40056
Middelfart;2023M11;40108
Middelfart;2023M12;40133
Middelfart;2024M01;40158
Middelfart;2024M02;40202
Middelfart;2024M03;40205
Middelfart;2024M04;40231
Nordfyns;2021M10;29664
Nordfyns;2021M11;29709
Nordfyns;2021M12;29738
Nordfyns;2022M01;29714
Nordfyns;2022M02;29711
Nordfyns;2022M03;29745
Nordfyns;2022M04;29796
Nordfyns;2022M05;29877
Nordfyns;2022M06;29914
Nordfyns;2022M07;29915
Nordfyns;2022M08;29870
Nordfyns;2022M09;29850
Nordfyns;2022M10;29821
Nordfyns;2022M11;29801
Nordfyns;2022M12;29806
Nordfyns;2023M01;29726
Nordfyns;2023M02;29716
Nordfyns;2023M03;29673
Nordfyns;2023M04;29683
Nordfyns;2023M05;29702
Nordfyns;2023M06;29677
Nordfyns;2023M07;29696
Nordfyns;2023M08;29680
Nordfyns;2023M09;29683
Nordfyns;2023M10;29666
Nordfyns;2023M11;29661
Nordfyns;2023M12;29652
Nordfyns;2024M01;29610
Nordfyns;2024M02;29583
Nordfyns;2024M03;29562
Nordfyns;2024M04;29552
Nyborg;2021M10;32055
Nyborg;2021M11;32060
Nyborg;2021M12;32088
Nyborg;2022M01;32098
Nyborg;2022M02;32132
Nyborg;2022M03;32081
Nyborg;2022M04;32054
Nyborg;2022M05;32068
Nyborg;2022M06;32177
Nyborg;2022M07;32228
Nyborg;2022M08;32244
Nyborg;2022M09;32173
Nyborg;2022M10;32149
Nyborg;2022M11;32200
Nyborg;2022M12;32261
Nyborg;2023M01;32262
Nyborg;2023M02;32255
Nyborg;2023M03;32291
Nyborg;2023M04;32294
Nyborg;2023M05;32300
Nyborg;2023M06;32298
Nyborg;2023M07;32291
Nyborg;2023M08;32271
Nyborg;2023M09;32299
Nyborg;2023M10;32270
Nyborg;2023M11;32227
Nyborg;2023M12;32201
Nyborg;2024M01;32193
Nyborg;2024M02;32194
Nyborg;2024M03;32178
Nyborg;2024M04;32178
Odense;2021M10;205905
Odense;2021M11;206073
Odense;2021M12;206057
Odense;2022M01;205978
Odense;2022M02;205872
Odense;2022M03;206094
Odense;2022M04;206144
Odense;2022M05;206416
Odense;2022M06;206776
Odense;2022M07;206785
Odense;2022M08;206581
Odense;2022M09;206995
Odense;2022M10;207782
Odense;2022M11;207863
Odense;2022M12;207886
Odense;2023M01;207762
Odense;2023M02;207730
Odense;2023M03;207789
Odense;2023M04;207864
Odense;2023M05;207836
Odense;2023M06;207757
Odense;2023M07;207688
Odense;2023M08;207680
Odense;2023M09;208237
Odense;2023M10;208876
Odense;2023M11;209077
Odense;2023M12;209083
Odense;2024M01;209078
Odense;2024M02;209099
Odense;2024M03;209352
Odense;2024M04;209383
Svendborg;2021M10;59096
Svendborg;2021M11;59155
Svendborg;2021M12;59178
Svendborg;2022M01;59193
Svendborg;2022M02;59208
Svendborg;2022M03;59224
Svendborg;2022M04;59233
Svendborg;2022M05;59324
Svendborg;2022M06;59488
Svendborg;2022M07;59563
Svendborg;2022M08;59636
Svendborg;2022M09;59744
Svendborg;2022M10;59742
Svendborg;2022M11;59770
Svendborg;2022M12;59745
Svendborg;2023M01;59735
Svendborg;2023M02;59732
Svendborg;2023M03;59755
Svendborg;2023M04;59748
Svendborg;2023M05;59722
Svendborg;2023M06;59703
Svendborg;2023M07;59688
Svendborg;2023M08;59696
Svendborg;2023M09;59746
Svendborg;2023M10;59769
Svendborg;2023M11;59731
Svendborg;2023M12;59744
Svendborg;2024M01;59727
Svendborg;2024M02;59720
Svendborg;2024M03;59766
Svendborg;2024M04;59774
Ærø;2021M10;6012
Ærø;2021M11;6016
Ærø;2021M12;6028
Ærø;2022M01;6025
Ærø;2022M02;6023
Ærø;2022M03;6025
Ærø;2022M04;6029
Ærø;2022M05;6046
Ærø;2022M06;6079
Ærø;2022M07;6084
Ærø;2022M08;6069
Ærø;2022M09;6040
Ærø;2022M10;6019
Ærø;2022M11;6011
Ærø;2022M12;6018
Ærø;2023M01;6008
Ærø;2023M02;6014
Ærø;2023M03;6002
Ærø;2023M04;6005
Ærø;2023M05;6009
Ærø;2023M06;6002
Ærø;2023M07;6002
Ærø;2023M08;5986
Ærø;2023M09;5987
Ærø;2023M10;6000
Ærø;2023M11;5995
Ærø;2023M12;5975
Ærø;2024M01;5960
Ærø;2024M02;5953
Ærø;2024M03;5946
Ærø;2024M04;5947
Billund;2021M10;26581
Billund;2021M11;26639
Billund;2021M12;26625
Billund;2022M01;26631
Billund;2022M02;26693
Billund;2022M03;26724
Billund;2022M04;26753
Billund;2022M05;26833
Billund;2022M06;26899
Billund;2022M07;26961
Billund;2022M08;26999
Billund;2022M09;26976
Billund;2022M10;26961
Billund;2022M11;27030
Billund;2022M12;27028
Billund;2023M01;27021
Billund;2023M02;26996
Billund;2023M03;27049
Billund;2023M04;27038
Billund;2023M05;27049
Billund;2023M06;27082
Billund;2023M07;27097
Billund;2023M08;27151
Billund;2023M09;27120
Billund;2023M10;27098
Billund;2023M11;27147
Billund;2023M12;27160
Billund;2024M01;27119
Billund;2024M02;27117
Billund;2024M03;27135
Billund;2024M04;27164
Esbjerg;2021M10;115470
Esbjerg;2021M11;115451
Esbjerg;2021M12;115411
Esbjerg;2022M01;115459
Esbjerg;2022M02;115483
Esbjerg;2022M03;115484
Esbjerg;2022M04;115477
Esbjerg;2022M05;115680
Esbjerg;2022M06;115865
Esbjerg;2022M07;115917
Esbjerg;2022M08;115779
Esbjerg;2022M09;115634
Esbjerg;2022M10;115766
Esbjerg;2022M11;115789
Esbjerg;2022M12;115842
Esbjerg;2023M01;115758
Esbjerg;2023M02;115740
Esbjerg;2023M03;115797
Esbjerg;2023M04;115808
Esbjerg;2023M05;115815
Esbjerg;2023M06;115822
Esbjerg;2023M07;115746
Esbjerg;2023M08;115710
Esbjerg;2023M09;115504
Esbjerg;2023M10;115489
Esbjerg;2023M11;115544
Esbjerg;2023M12;115544
Esbjerg;2024M01;115423
Esbjerg;2024M02;115340
Esbjerg;2024M03;115357
Esbjerg;2024M04;115319
Fanø;2021M10;3436
Fanø;2021M11;3435
Fanø;2021M12;3427
Fanø;2022M01;3427
Fanø;2022M02;3419
Fanø;2022M03;3430
Fanø;2022M04;3428
Fanø;2022M05;3414
Fanø;2022M06;3425
Fanø;2022M07;3438
Fanø;2022M08;3438
Fanø;2022M09;3442
Fanø;2022M10;3424
Fanø;2022M11;3416
Fanø;2022M12;3421
Fanø;2023M01;3426
Fanø;2023M02;3425
Fanø;2023M03;3417
Fanø;2023M04;3409
Fanø;2023M05;3404
Fanø;2023M06;3404
Fanø;2023M07;3404
Fanø;2023M08;3417
Fanø;2023M09;3385
Fanø;2023M10;3372
Fanø;2023M11;3372
Fanø;2023M12;3362
Fanø;2024M01;3357
Fanø;2024M02;3345
Fanø;2024M03;3347
Fanø;2024M04;3343
Fredericia;2021M10;51536
Fredericia;2021M11;51582
Fredericia;2021M12;51571
Fredericia;2022M01;51606
Fredericia;2022M02;51614
Fredericia;2022M03;51701
Fredericia;2022M04;51717
Fredericia;2022M05;51803
Fredericia;2022M06;51933
Fredericia;2022M07;51964
Fredericia;2022M08;52008
Fredericia;2022M09;52029
Fredericia;2022M10;52070
Fredericia;2022M11;52113
Fredericia;2022M12;52149
Fredericia;2023M01;52173
Fredericia;2023M02;52200
Fredericia;2023M03;52241
Fredericia;2023M04;52315
Fredericia;2023M05;52364
Fredericia;2023M06;52389
Fredericia;2023M07;52433
Fredericia;2023M08;52470
Fredericia;2023M09;52428
Fredericia;2023M10;52433
Fredericia;2023M11;52450
Fredericia;2023M12;52499
Fredericia;2024M01;52485
Fredericia;2024M02;52518
Fredericia;2024M03;52489
Fredericia;2024M04;52473
Haderslev;2021M10;55351
Haderslev;2021M11;55326
Haderslev;2021M12;55420
Haderslev;2022M01;55340
Haderslev;2022M02;55307
Haderslev;2022M03;55257
Haderslev;2022M04;55273
Haderslev;2022M05;55392
Haderslev;2022M06;55459
Haderslev;2022M07;55565
Haderslev;2022M08;55585
Haderslev;2022M09;55495
Haderslev;2022M10;55439
Haderslev;2022M11;55419
Haderslev;2022M12;55380
Haderslev;2023M01;55353
Haderslev;2023M02;55320
Haderslev;2023M03;55381
Haderslev;2023M04;55440
Haderslev;2023M05;55496
Haderslev;2023M06;55465
Haderslev;2023M07;55522
Haderslev;2023M08;55558
Haderslev;2023M09;55499
Haderslev;2023M10;55448
Haderslev;2023M11;55476
Haderslev;2023M12;55476
Haderslev;2024M01;55438
Haderslev;2024M02;55362
Haderslev;2024M03;55319
Haderslev;2024M04;55311
Kolding;2021M10;93318
Kolding;2021M11;93445
Kolding;2021M12;93506
Kolding;2022M01;93544
Kolding;2022M02;93578
Kolding;2022M03;93741
Kolding;2022M04;93810
Kolding;2022M05;94020
Kolding;2022M06;94198
Kolding;2022M07;94315
Kolding;2022M08;94328
Kolding;2022M09;94432
Kolding;2022M10;94510
Kolding;2022M11;94519
Kolding;2022M12;94539
Kolding;2023M01;94528
Kolding;2023M02;94588
Kolding;2023M03;94596
Kolding;2023M04;94652
Kolding;2023M05;94614
Kolding;2023M06;94663
Kolding;2023M07;94702
Kolding;2023M08;94654
Kolding;2023M09;94691
Kolding;2023M10;94807
Kolding;2023M11;94837
Kolding;2023M12;94907
Kolding;2024M01;94932
Kolding;2024M02;94998
Kolding;2024M03;95073
Kolding;2024M04;95063
Sønderborg;2021M10;73685
Sønderborg;2021M11;73658
Sønderborg;2021M12;73679
Sønderborg;2022M01;73711
Sønderborg;2022M02;73743
Sønderborg;2022M03;73771
Sønderborg;2022M04;73806
Sønderborg;2022M05;73898
Sønderborg;2022M06;74116
Sønderborg;2022M07;74190
Sønderborg;2022M08;74218
Sønderborg;2022M09;74212
Sønderborg;2022M10;74308
Sønderborg;2022M11;74391
Sønderborg;2022M12;74392
Sønderborg;2023M01;74380
Sønderborg;2023M02;74381
Sønderborg;2023M03;74389
Sønderborg;2023M04;74382
Sønderborg;2023M05;74354
Sønderborg;2023M06;74313
Sønderborg;2023M07;74272
Sønderborg;2023M08;74209
Sønderborg;2023M09;74108
Sønderborg;2023M10;74408
Sønderborg;2023M11;74341
Sønderborg;2023M12;74308
Sønderborg;2024M01;74233
Sønderborg;2024M02;74123
Sønderborg;2024M03;74075
Sønderborg;2024M04;74076
Tønder;2021M10;36886
Tønder;2021M11;36870
Tønder;2021M12;36897
Tønder;2022M01;36849
Tønder;2022M02;36798
Tønder;2022M03;36795
Tønder;2022M04;36883
Tønder;2022M05;36932
Tønder;2022M06;37013
Tønder;2022M07;37053
Tønder;2022M08;36989
Tønder;2022M09;36949
Tønder;2022M10;36923
Tønder;2022M11;36927
Tønder;2022M12;36950
Tønder;2023M01;36878
Tønder;2023M02;36840
Tønder;2023M03;36850
Tønder;2023M04;36820
Tønder;2023M05;36808
Tønder;2023M06;36800
Tønder;2023M07;36767
Tønder;2023M08;36722
Tønder;2023M09;36745
Tønder;2023M10;36694
Tønder;2023M11;36642
Tønder;2023M12;36659
Tønder;2024M01;36651
Tønder;2024M02;36616
Tønder;2024M03;36646
Tønder;2024M04;36646
Varde;2021M10;49660
Varde;2021M11;49652
Varde;2021M12;49704
Varde;2022M01;49664
Varde;2022M02;49704
Varde;2022M03;49679
Varde;2022M04;49714
Varde;2022M05;49809
Varde;2022M06;49930
Varde;2022M07;50007
Varde;2022M08;50048
Varde;2022M09;49983
Varde;2022M10;49981
Varde;2022M11;49944
Varde;2022M12;49966
Varde;2023M01;49995
Varde;2023M02;50039
Varde;2023M03;50055
Varde;2023M04;50050
Varde;2023M05;50026
Varde;2023M06;50004
Varde;2023M07;50006
Varde;2023M08;49965
Varde;2023M09;49864
Varde;2023M10;49800
Varde;2023M11;49760
Varde;2023M12;49772
Varde;2024M01;49798
Varde;2024M02;49757
Varde;2024M03;49733
Varde;2024M04;49734
Vejen;2021M10;42689
Vejen;2021M11;42676
Vejen;2021M12;42634
Vejen;2022M01;42596
Vejen;2022M02;42586
Vejen;2022M03;42583
Vejen;2022M04;42607
Vejen;2022M05;42682
Vejen;2022M06;42807
Vejen;2022M07;42857
Vejen;2022M08;42883
Vejen;2022M09;42849
Vejen;2022M10;42823
Vejen;2022M11;42868
Vejen;2022M12;42930
Vejen;2023M01;42924
Vejen;2023M02;42891
Vejen;2023M03;42900
Vejen;2023M04;42913
Vejen;2023M05;42933
Vejen;2023M06;42923
Vejen;2023M07;42895
Vejen;2023M08;42916
Vejen;2023M09;42859
Vejen;2023M10;42854
Vejen;2023M11;42826
Vejen;2023M12;42789
Vejen;2024M01;42800
Vejen;2024M02;42784
Vejen;2024M03;42814
Vejen;2024M04;42892
Vejle;2021M10;118364
Vejle;2021M11;118578
Vejle;2021M12;118835
Vejle;2022M01;119060
Vejle;2022M02;119213
Vejle;2022M03;119366
Vejle;2022M04;119507
Vejle;2022M05;119852
Vejle;2022M06;120164
Vejle;2022M07;120361
Vejle;2022M08;120542
Vejle;2022M09;120531
Vejle;2022M10;120590
Vejle;2022M11;120678
Vejle;2022M12;120808
Vejle;2023M01;120949
Vejle;2023M02;121110
Vejle;2023M03;121284
Vejle;2023M04;121378
Vejle;2023M05;121441
Vejle;2023M06;121432
Vejle;2023M07;121559
Vejle;2023M08;121652
Vejle;2023M09;121616
Vejle;2023M10;121616
Vejle;2023M11;121560
Vejle;2023M12;121624
Vejle;2024M01;121696
Vejle;2024M02;121787
Vejle;2024M03;121835
Vejle;2024M04;121876
Aabenraa;2021M10;58595
Aabenraa;2021M11;58630
Aabenraa;2021M12;58655
Aabenraa;2022M01;58693
Aabenraa;2022M02;58690
Aabenraa;2022M03;58723
Aabenraa;2022M04;58770
Aabenraa;2022M05;58884
Aabenraa;2022M06;59039
Aabenraa;2022M07;59053
Aabenraa;2022M08;59065
Aabenraa;2022M09;59011
Aabenraa;2022M10;59016
Aabenraa;2022M11;59025
Aabenraa;2022M12;58960
Aabenraa;2023M01;59002
Aabenraa;2023M02;58981
Aabenraa;2023M03;58958
Aabenraa;2023M04;58946
Aabenraa;2023M05;58904
Aabenraa;2023M06;58865
Aabenraa;2023M07;58788
Aabenraa;2023M08;58747
Aabenraa;2023M09;58579
Aabenraa;2023M10;58633
Aabenraa;2023M11;58622
Aabenraa;2023M12;58665
Aabenraa;2024M01;58657
Aabenraa;2024M02;58628
Aabenraa;2024M03;58657
Aabenraa;2024M04;58673
Region Midtjylland;2021M10;1340121
Region Midtjylland;2021M11;1340945
Region Midtjylland;2021M12;1341565
Region Midtjylland;2022M01;1341857
Region Midtjylland;2022M02;1342618
Region Midtjylland;2022M03;1343677
Region Midtjylland;2022M04;1344560
Region Midtjylland;2022M05;1347273
Region Midtjylland;2022M06;1351081
Region Midtjylland;2022M07;1352690
Region Midtjylland;2022M08;1353758
Region Midtjylland;2022M09;1355873
Region Midtjylland;2022M10;1357612
Region Midtjylland;2022M11;1358293
Region Midtjylland;2022M12;1358789
Region Midtjylland;2023M01;1358879
Region Midtjylland;2023M02;1359015
Region Midtjylland;2023M03;1359590
Region Midtjylland;2023M04;1360054
Region Midtjylland;2023M05;1360156
Region Midtjylland;2023M06;1360573
Region Midtjylland;2023M07;1360773
Region Midtjylland;2023M08;1361311
Region Midtjylland;2023M09;1363747
Region Midtjylland;2023M10;1364853
Region Midtjylland;2023M11;1365262
Region Midtjylland;2023M12;1365681
Region Midtjylland;2024M01;1365688
Region Midtjylland;2024M02;1365649
Region Midtjylland;2024M03;1366172
Region Midtjylland;2024M04;1366507
Favrskov;2021M10;48746
Favrskov;2021M11;48775
Favrskov;2021M12;48870
Favrskov;2022M01;48880
Favrskov;2022M02;48894
Favrskov;2022M03;48935
Favrskov;2022M04;48999
Favrskov;2022M05;49044
Favrskov;2022M06;49169
Favrskov;2022M07;49222
Favrskov;2022M08;49256
Favrskov;2022M09;49185
Favrskov;2022M10;49218
Favrskov;2022M11;49310
Favrskov;2022M12;49355
Favrskov;2023M01;49408
Favrskov;2023M02;49388
Favrskov;2023M03;49382
Favrskov;2023M04;49351
Favrskov;2023M05;49374
Favrskov;2023M06;49386
Favrskov;2023M07;49385
Favrskov;2023M08;49376
Favrskov;2023M09;49339
Favrskov;2023M10;49326
Favrskov;2023M11;49377
Favrskov;2023M12;49365
Favrskov;2024M01;49377
Favrskov;2024M02;49312
Favrskov;2024M03;49299
Favrskov;2024M04;49248
Hedensted;2021M10;47047
Hedensted;2021M11;47067
Hedensted;2021M12;47097
Hedensted;2022M01;47099
Hedensted;2022M02;47105
Hedensted;2022M03;47168
Hedensted;2022M04;47209
Hedensted;2022M05;47320
Hedensted;2022M06;47520
Hedensted;2022M07;47621
Hedensted;2022M08;47697
Hedensted;2022M09;47595
Hedensted;2022M10;47536
Hedensted;2022M11;47583
Hedensted;2022M12;47608
Hedensted;2023M01;47609
Hedensted;2023M02;47629
Hedensted;2023M03;47602
Hedensted;2023M04;47595
Hedensted;2023M05;47577
Hedensted;2023M06;47643
Hedensted;2023M07;47688
Hedensted;2023M08;47694
Hedensted;2023M09;47664
Hedensted;2023M10;47672
Hedensted;2023M11;47681
Hedensted;2023M12;47706
Hedensted;2024M01;47725
Hedensted;2024M02;47720
Hedensted;2024M03;47691
Hedensted;2024M04;47660
Horsens;2021M10;93905
Horsens;2021M11;94103
Horsens;2021M12;94266
Horsens;2022M01;94443
Horsens;2022M02;94623
Horsens;2022M03;94888
Horsens;2022M04;94951
Horsens;2022M05;95208
Horsens;2022M06;95459
Horsens;2022M07;95675
Horsens;2022M08;95683
Horsens;2022M09;95807
Horsens;2022M10;96188
Horsens;2022M11;96310
Horsens;2022M12;96449
Horsens;2023M01;96480
Horsens;2023M02;96497
Horsens;2023M03;96583
Horsens;2023M04;96670
Horsens;2023M05;96702
Horsens;2023M06;96781
Horsens;2023M07;96855
Horsens;2023M08;96928
Horsens;2023M09;96886
Horsens;2023M10;97080
Horsens;2023M11;97235
Horsens;2023M12;97351
Horsens;2024M01;97392
Horsens;2024M02;97363
Horsens;2024M03;97353
Horsens;2024M04;97366
Norddjurs;2021M10;37022
Norddjurs;2021M11;37053
Norddjurs;2021M12;36993
Norddjurs;2022M01;36921
Norddjurs;2022M02;36898
Norddjurs;2022M03;36915
Norddjurs;2022M04;36976
Norddjurs;2022M05;37003
Norddjurs;2022M06;37067
Norddjurs;2022M07;37083
Norddjurs;2022M08;37052
Norddjurs;2022M09;37091
Norddjurs;2022M10;37081
Norddjurs;2022M11;37080
Norddjurs;2022M12;37023
Norddjurs;2023M01;36978
Norddjurs;2023M02;36988
Norddjurs;2023M03;36973
Norddjurs;2023M04;37017
Norddjurs;2023M05;36980
Norddjurs;2023M06;36926
Norddjurs;2023M07;36926
Norddjurs;2023M08;36855
Norddjurs;2023M09;36857
Norddjurs;2023M10;36877
Norddjurs;2023M11;36823
Norddjurs;2023M12;36797
Norddjurs;2024M01;36773
Norddjurs;2024M02;36785
Norddjurs;2024M03;36812
Norddjurs;2024M04;36742
Odder;2021M10;23206
Odder;2021M11;23274
Odder;2021M12;23263
Odder;2022M01;23304
Odder;2022M02;23334
Odder;2022M03;23370
Odder;2022M04;23404
Odder;2022M05;23459
Odder;2022M06;23521
Odder;2022M07;23578
Odder;2022M08;23579
Odder;2022M09;23595
Odder;2022M10;23578
Odder;2022M11;23602
Odder;2022M12;23591
Odder;2023M01;23626
Odder;2023M02;23643
Odder;2023M03;23680
Odder;2023M04;23702
Odder;2023M05;23747
Odder;2023M06;23750
Odder;2023M07;23806
Odder;2023M08;23859
Odder;2023M09;23855
Odder;2023M10;23879
Odder;2023M11;23871
Odder;2023M12;23866
Odder;2024M01;23896
Odder;2024M02;23879
Odder;2024M03;23893
Odder;2024M04;23917
Randers;2021M10;98776
Randers;2021M11;98827
Randers;2021M12;98914
Randers;2022M01;98988
Randers;2022M02;99053
Randers;2022M03;99104
Randers;2022M04;99126
Randers;2022M05;99324
Randers;2022M06;99695
Randers;2022M07;99794
Randers;2022M08;99913
Randers;2022M09;99830
Randers;2022M10;99869
Randers;2022M11;99888
Randers;2022M12;99923
Randers;2023M01;99931
Randers;2023M02;99848
Randers;2023M03;99925
Randers;2023M04;99907
Randers;2023M05;99941
Randers;2023M06;99898
Randers;2023M07;99834
Randers;2023M08;99872
Randers;2023M09;99718
Randers;2023M10;99717
Randers;2023M11;99779
Randers;2023M12;99910
Randers;2024M01;99974
Randers;2024M02;100037
Randers;2024M03;100088
Randers;2024M04;100167
Samsø;2021M10;3707
Samsø;2021M11;3718
Samsø;2021M12;3723
Samsø;2022M01;3716
Samsø;2022M02;3710
Samsø;2022M03;3713
Samsø;2022M04;3706
Samsø;2022M05;3719
Samsø;2022M06;3738
Samsø;2022M07;3768
Samsø;2022M08;3776
Samsø;2022M09;3786
Samsø;2022M10;3783
Samsø;2022M11;3776
Samsø;2022M12;3778
Samsø;2023M01;3775
Samsø;2023M02;3763
Samsø;2023M03;3767
Samsø;2023M04;3769
Samsø;2023M05;3767
Samsø;2023M06;3772
Samsø;2023M07;3773
Samsø;2023M08;3783
Samsø;2023M09;3757
Samsø;2023M10;3715
Samsø;2023M11;3712
Samsø;2023M12;3704
Samsø;2024M01;3694
Samsø;2024M02;3700
Samsø;2024M03;3681
Samsø;2024M04;3695
Silkeborg;2021M10;96779
Silkeborg;2021M11;97049
Silkeborg;2021M12;97166
Silkeborg;2022M01;97358
Silkeborg;2022M02;97538
Silkeborg;2022M03;97692
Silkeborg;2022M04;97858
Silkeborg;2022M05;98227
Silkeborg;2022M06;98656
Silkeborg;2022M07;98825
Silkeborg;2022M08;98917
Silkeborg;2022M09;99022
Silkeborg;2022M10;99131
Silkeborg;2022M11;99248
Silkeborg;2022M12;99302
Silkeborg;2023M01;99400
Silkeborg;2023M02;99551
Silkeborg;2023M03;99652
Silkeborg;2023M04;99696
Silkeborg;2023M05;99806
Silkeborg;2023M06;99940
Silkeborg;2023M07;100093
Silkeborg;2023M08;100258
Silkeborg;2023M09;100257
Silkeborg;2023M10;100262
Silkeborg;2023M11;100416
Silkeborg;2023M12;100595
Silkeborg;2024M01;100747
Silkeborg;2024M02;100799
Silkeborg;2024M03;100846
Silkeborg;2024M04;100974
Skanderborg;2021M10;63977
Skanderborg;2021M11;64155
Skanderborg;2021M12;64202
Skanderborg;2022M01;64318
Skanderborg;2022M02;64411
Skanderborg;2022M03;64459
Skanderborg;2022M04;64545
Skanderborg;2022M05;64756
Skanderborg;2022M06;64895
Skanderborg;2022M07;65019
Skanderborg;2022M08;65081
Skanderborg;2022M09;65030
Skanderborg;2022M10;65048
Skanderborg;2022M11;65084
Skanderborg;2022M12;65098
Skanderborg;2023M01;65138
Skanderborg;2023M02;65158
Skanderborg;2023M03;65173
Skanderborg;2023M04;65152
Skanderborg;2023M05;65166
Skanderborg;2023M06;65192
Skanderborg;2023M07;65265
Skanderborg;2023M08;65271
Skanderborg;2023M09;65192
Skanderborg;2023M10;65194
Skanderborg;2023M11;65134
Skanderborg;2023M12;65157
Skanderborg;2024M01;65205
Skanderborg;2024M02;65212
Skanderborg;2024M03;65270
Skanderborg;2024M04;65267
Syddjurs;2021M10;43629
Syddjurs;2021M11;43652
Syddjurs;2021M12;43611
Syddjurs;2022M01;43596
Syddjurs;2022M02;43669
Syddjurs;2022M03;43709
Syddjurs;2022M04;43752
Syddjurs;2022M05;43863
Syddjurs;2022M06;43993
Syddjurs;2022M07;44086
Syddjurs;2022M08;44147
Syddjurs;2022M09;44238
Syddjurs;2022M10;44190
Syddjurs;2022M11;44221
Syddjurs;2022M12;44200
Syddjurs;2023M01;44207
Syddjurs;2023M02;44230
Syddjurs;2023M03;44195
Syddjurs;2023M04;44237
Syddjurs;2023M05;44269
Syddjurs;2023M06;44223
Syddjurs;2023M07;44197
Syddjurs;2023M08;44225
Syddjurs;2023M09;44237
Syddjurs;2023M10;44229
Syddjurs;2023M11;44162
Syddjurs;2023M12;44128
Syddjurs;2024M01;44076
Syddjurs;2024M02;44034
Syddjurs;2024M03;44003
Syddjurs;2024M04;44059
Aarhus;2021M10;355458
Aarhus;2021M11;355369
Aarhus;2021M12;355357
Aarhus;2022M01;355238
Aarhus;2022M02;355370
Aarhus;2022M03;355580
Aarhus;2022M04;355607
Aarhus;2022M05;355869
Aarhus;2022M06;356583
Aarhus;2022M07;356829
Aarhus;2022M08;357561
Aarhus;2022M09;359918
Aarhus;2022M10;361141
Aarhus;2022M11;361358
Aarhus;2022M12;361573
Aarhus;2023M01;361544
Aarhus;2023M02;361704
Aarhus;2023M03;362037
Aarhus;2023M04;362266
Aarhus;2023M05;362291
Aarhus;2023M06;362555
Aarhus;2023M07;362442
Aarhus;2023M08;362839
Aarhus;2023M09;365894
Aarhus;2023M10;366968
Aarhus;2023M11;367176
Aarhus;2023M12;367180
Aarhus;2024M01;367095
Aarhus;2024M02;367125
Aarhus;2024M03;367492
Aarhus;2024M04;367666
Herning;2021M10;89196
Herning;2021M11;89208
Herning;2021M12;89256
Herning;2022M01;89230
Herning;2022M02;89276
Herning;2022M03;89352
Herning;2022M04;89475
Herning;2022M05;89693
Herning;2022M06;89854
Herning;2022M07;89928
Herning;2022M08;89982
Herning;2022M09;89794
Herning;2022M10;89931
Herning;2022M11;89969
Herning;2022M12;89997
Herning;2023M01;89952
Herning;2023M02;89899
Herning;2023M03;89948
Herning;2023M04;90044
Herning;2023M05;89991
Herning;2023M06;89969
Herning;2023M07;89996
Herning;2023M08;89983
Herning;2023M09;89874
Herning;2023M10;89920
Herning;2023M11;89880
Herning;2023M12;89888
Herning;2024M01;89848
Herning;2024M02;89870
Herning;2024M03;89955
Herning;2024M04;90030
Holstebro;2021M10;58513
Holstebro;2021M11;58524
Holstebro;2021M12;58558
Holstebro;2022M01;58553
Holstebro;2022M02;58526
Holstebro;2022M03;58582
Holstebro;2022M04;58617
Holstebro;2022M05;58714
Holstebro;2022M06;58865
Holstebro;2022M07;58955
Holstebro;2022M08;58969
Holstebro;2022M09;58933
Holstebro;2022M10;58979
Holstebro;2022M11;58960
Holstebro;2022M12;58954
Holstebro;2023M01;58978
Holstebro;2023M02;58943
Holstebro;2023M03;59002
Holstebro;2023M04;59003
Holstebro;2023M05;59012
Holstebro;2023M06;58983
Holstebro;2023M07;59055
Holstebro;2023M08;59060
Holstebro;2023M09;58999
Holstebro;2023M10;58984
Holstebro;2023M11;58985
Holstebro;2023M12;58987
Holstebro;2024M01;59016
Holstebro;2024M02;59029
Holstebro;2024M03;59026
Holstebro;2024M04;59029
Ikast-Brande;2021M10;41878
Ikast-Brande;2021M11;41870
Ikast-Brande;2021M12;41926
Ikast-Brande;2022M01;41885
Ikast-Brande;2022M02;41918
Ikast-Brande;2022M03;41949
Ikast-Brande;2022M04;42052
Ikast-Brande;2022M05;42222
Ikast-Brande;2022M06;42386
Ikast-Brande;2022M07;42516
Ikast-Brande;2022M08;42573
Ikast-Brande;2022M09;42554
Ikast-Brande;2022M10;42540
Ikast-Brande;2022M11;42496
Ikast-Brande;2022M12;42545
Ikast-Brande;2023M01;42540
Ikast-Brande;2023M02;42579
Ikast-Brande;2023M03;42554
Ikast-Brande;2023M04;42610
Ikast-Brande;2023M05;42607
Ikast-Brande;2023M06;42658
Ikast-Brande;2023M07;42673
Ikast-Brande;2023M08;42690
Ikast-Brande;2023M09;42750
Ikast-Brande;2023M10;42772
Ikast-Brande;2023M11;42723
Ikast-Brande;2023M12;42756
Ikast-Brande;2024M01;42737
Ikast-Brande;2024M02;42771
Ikast-Brande;2024M03;42747
Ikast-Brande;2024M04;42785
Lemvig;2021M10;19369
Lemvig;2021M11;19375
Lemvig;2021M12;19403
Lemvig;2022M01;19398
Lemvig;2022M02;19398
Lemvig;2022M03;19374
Lemvig;2022M04;19344
Lemvig;2022M05;19379
Lemvig;2022M06;19506
Lemvig;2022M07;19507
Lemvig;2022M08;19468
Lemvig;2022M09;19389
Lemvig;2022M10;19383
Lemvig;2022M11;19382
Lemvig;2022M12;19360
Lemvig;2023M01;19371
Lemvig;2023M02;19374
Lemvig;2023M03;19356
Lemvig;2023M04;19351
Lemvig;2023M05;19352
Lemvig;2023M06;19344
Lemvig;2023M07;19298
Lemvig;2023M08;19269
Lemvig;2023M09;19187
Lemvig;2023M10;19182
Lemvig;2023M11;19157
Lemvig;2023M12;19123
Lemvig;2024M01;19110
Lemvig;2024M02;19102
Lemvig;2024M03;19060
Lemvig;2024M04;19061
Ringkøbing-Skjern;2021M10;56195
Ringkøbing-Skjern;2021M11;56192
Ringkøbing-Skjern;2021M12;56262
Ringkøbing-Skjern;2022M01;56203
Ringkøbing-Skjern;2022M02;56200
Ringkøbing-Skjern;2022M03;56231
Ringkøbing-Skjern;2022M04;56176
Ringkøbing-Skjern;2022M05;56268
Ringkøbing-Skjern;2022M06;56449
Ringkøbing-Skjern;2022M07;56534
Ringkøbing-Skjern;2022M08;56425
Ringkøbing-Skjern;2022M09;56420
Ringkøbing-Skjern;2022M10;56327
Ringkøbing-Skjern;2022M11;56369
Ringkøbing-Skjern;2022M12;56366
Ringkøbing-Skjern;2023M01;56348
Ringkøbing-Skjern;2023M02;56289
Ringkøbing-Skjern;2023M03;56333
Ringkøbing-Skjern;2023M04;56341
Ringkøbing-Skjern;2023M05;56356
Ringkøbing-Skjern;2023M06;56356
Ringkøbing-Skjern;2023M07;56328
Ringkøbing-Skjern;2023M08;56314
Ringkøbing-Skjern;2023M09;56278
Ringkøbing-Skjern;2023M10;56170
Ringkøbing-Skjern;2023M11;56214
Ringkøbing-Skjern;2023M12;56253
Ringkøbing-Skjern;2024M01;56218
Ringkøbing-Skjern;2024M02;56141
Ringkøbing-Skjern;2024M03;56172
Ringkøbing-Skjern;2024M04;56080
Skive;2021M10;45097
Skive;2021M11;45096
Skive;2021M12;45056
Skive;2022M01;45078
Skive;2022M02;45096
Skive;2022M03;45035
Skive;2022M04;45078
Skive;2022M05;45177
Skive;2022M06;45323
Skive;2022M07;45352
Skive;2022M08;45320
Skive;2022M09;45277
Skive;2022M10;45259
Skive;2022M11;45168
Skive;2022M12;45151
Skive;2023M01;45069
Skive;2023M02;45051
Skive;2023M03;44996
Skive;2023M04;44972
Skive;2023M05;44947
Skive;2023M06;44922
Skive;2023M07;44927
Skive;2023M08;44946
Skive;2023M09;44869
Skive;2023M10;44839
Skive;2023M11;44820
Skive;2023M12;44803
Skive;2024M01;44739
Skive;2024M02;44710
Skive;2024M03;44737
Skive;2024M04;44673
Struer;2021M10;20795
Struer;2021M11;20783
Struer;2021M12;20801
Struer;2022M01;20802
Struer;2022M02;20792
Struer;2022M03;20767
Struer;2022M04;20817
Struer;2022M05;20898
Struer;2022M06;20944
Struer;2022M07;20943
Struer;2022M08;20878
Struer;2022M09;20859
Struer;2022M10;20855
Struer;2022M11;20830
Struer;2022M12;20809
Struer;2023M01;20794
Struer;2023M02;20766
Struer;2023M03;20762
Struer;2023M04;20722
Struer;2023M05;20710
Struer;2023M06;20696
Struer;2023M07;20668
Struer;2023M08;20610
Struer;2023M09;20580
Struer;2023M10;20577
Struer;2023M11;20584
Struer;2023M12;20596
Struer;2024M01;20594
Struer;2024M02;20577
Struer;2024M03;20521
Struer;2024M04;20495
Viborg;2021M10;96826
Viborg;2021M11;96855
Viborg;2021M12;96841
Viborg;2022M01;96847
Viborg;2022M02;96807
Viborg;2022M03;96854
Viborg;2022M04;96868
Viborg;2022M05;97130
Viborg;2022M06;97458
Viborg;2022M07;97455
Viborg;2022M08;97481
Viborg;2022M09;97550
Viborg;2022M10;97575
Viborg;2022M11;97659
Viborg;2022M12;97707
Viborg;2023M01;97731
Viborg;2023M02;97715
Viborg;2023M03;97670
Viborg;2023M04;97649
Viborg;2023M05;97561
Viborg;2023M06;97579
Viborg;2023M07;97564
Viborg;2023M08;97479
Viborg;2023M09;97554
Viborg;2023M10;97490
Viborg;2023M11;97533
Viborg;2023M12;97516
Viborg;2024M01;97472
Viborg;2024M02;97483
Viborg;2024M03;97526
Viborg;2024M04;97593
Region Nordjylland;2021M10;591724
Region Nordjylland;2021M11;591864
Region Nordjylland;2021M12;591972
Region Nordjylland;2022M01;591740
Region Nordjylland;2022M02;591666
Region Nordjylland;2022M03;591650
Region Nordjylland;2022M04;591758
Region Nordjylland;2022M05;592656
Region Nordjylland;2022M06;593922
Region Nordjylland;2022M07;594323
Region Nordjylland;2022M08;594299
Region Nordjylland;2022M09;594812
Region Nordjylland;2022M10;594925
Region Nordjylland;2022M11;594787
Region Nordjylland;2022M12;594740
Region Nordjylland;2023M01;594634
Region Nordjylland;2023M02;594494
Region Nordjylland;2023M03;594410
Region Nordjylland;2023M04;594426
Region Nordjylland;2023M05;594292
Region Nordjylland;2023M06;594161
Region Nordjylland;2023M07;594016
Region Nordjylland;2023M08;593606
Region Nordjylland;2023M09;593999
Region Nordjylland;2023M10;593898
Region Nordjylland;2023M11;593845
Region Nordjylland;2023M12;593575
Region Nordjylland;2024M01;593135
Region Nordjylland;2024M02;592960
Region Nordjylland;2024M03;592900
Region Nordjylland;2024M04;592831
Brønderslev;2021M10;36187
Brønderslev;2021M11;36148
Brønderslev;2021M12;36156
Brønderslev;2022M01;36194
Brønderslev;2022M02;36222
Brønderslev;2022M03;36293
Brønderslev;2022M04;36331
Brønderslev;2022M05;36444
Brønderslev;2022M06;36485
Brønderslev;2022M07;36529
Brønderslev;2022M08;36519
Brønderslev;2022M09;36514
Brønderslev;2022M10;36517
Brønderslev;2022M11;36521
Brønderslev;2022M12;36557
Brønderslev;2023M01;36540
Brønderslev;2023M02;36628
Brønderslev;2023M03;36593
Brønderslev;2023M04;36577
Brønderslev;2023M05;36560
Brønderslev;2023M06;36533
Brønderslev;2023M07;36598
Brønderslev;2023M08;36596
Brønderslev;2023M09;36596
Brønderslev;2023M10;36587
Brønderslev;2023M11;36570
Brønderslev;2023M12;36603
Brønderslev;2024M01;36614
Brønderslev;2024M02;36617
Brønderslev;2024M03;36632
Brønderslev;2024M04;36595
Frederikshavn;2021M10;58883
Frederikshavn;2021M11;58873
Frederikshavn;2021M12;58893
Frederikshavn;2022M01;58878
Frederikshavn;2022M02;58860
Frederikshavn;2022M03;58810
Frederikshavn;2022M04;58841
Frederikshavn;2022M05;58879
Frederikshavn;2022M06;59007
Frederikshavn;2022M07;59068
Frederikshavn;2022M08;59075
Frederikshavn;2022M09;59014
Frederikshavn;2022M10;58958
Frederikshavn;2022M11;58972
Frederikshavn;2022M12;58915
Frederikshavn;2023M01;58864
Frederikshavn;2023M02;58799
Frederikshavn;2023M03;58789
Frederikshavn;2023M04;58810
Frederikshavn;2023M05;58813
Frederikshavn;2023M06;58783
Frederikshavn;2023M07;58746
Frederikshavn;2023M08;58647
Frederikshavn;2023M09;58541
Frederikshavn;2023M10;58459
Frederikshavn;2023M11;58462
Frederikshavn;2023M12;58426
Frederikshavn;2024M01;58376
Frederikshavn;2024M02;58375
Frederikshavn;2024M03;58350
Frederikshavn;2024M04;58330
Hjørring;2021M10;63861
Hjørring;2021M11;63907
Hjørring;2021M12;63881
Hjørring;2022M01;63839
Hjørring;2022M02;63810
Hjørring;2022M03;63811
Hjørring;2022M04;63757
Hjørring;2022M05;63832
Hjørring;2022M06;63952
Hjørring;2022M07;64032
Hjørring;2022M08;64076
Hjørring;2022M09;64040
Hjørring;2022M10;64035
Hjørring;2022M11;64056
Hjørring;2022M12;64023
Hjørring;2023M01;63998
Hjørring;2023M02;63943
Hjørring;2023M03;63957
Hjørring;2023M04;63962
Hjørring;2023M05;63946
Hjørring;2023M06;63924
Hjørring;2023M07;63915
Hjørring;2023M08;63915
Hjørring;2023M09;63839
Hjørring;2023M10;63805
Hjørring;2023M11;63769
Hjørring;2023M12;63720
Hjørring;2024M01;63544
Hjørring;2024M02;63546
Hjørring;2024M03;63567
Hjørring;2024M04;63570
Jammerbugt;2021M10;38172
Jammerbugt;2021M11;38183
Jammerbugt;2021M12;38213
Jammerbugt;2022M01;38187
Jammerbugt;2022M02;38192
Jammerbugt;2022M03;38163
Jammerbugt;2022M04;38162
Jammerbugt;2022M05;38221
Jammerbugt;2022M06;38364
Jammerbugt;2022M07;38423
Jammerbugt;2022M08;38455
Jammerbugt;2022M09;38415
Jammerbugt;2022M10;38396
Jammerbugt;2022M11;38408
Jammerbugt;2022M12;38363
Jammerbugt;2023M01;38364
Jammerbugt;2023M02;38311
Jammerbugt;2023M03;38334
Jammerbugt;2023M04;38355
Jammerbugt;2023M05;38342
Jammerbugt;2023M06;38320
Jammerbugt;2023M07;38330
Jammerbugt;2023M08;38316
Jammerbugt;2023M09;38293
Jammerbugt;2023M10;38324
Jammerbugt;2023M11;38301
Jammerbugt;2023M12;38272
Jammerbugt;2024M01;38234
Jammerbugt;2024M02;38226
Jammerbugt;2024M03;38209
Jammerbugt;2024M04;38159
Læsø;2021M10;1795
Læsø;2021M11;1778
Læsø;2021M12;1777
Læsø;2022M01;1769
Læsø;2022M02;1777
Læsø;2022M03;1781
Læsø;2022M04;1784
Læsø;2022M05;1786
Læsø;2022M06;1792
Læsø;2022M07;1790
Læsø;2022M08;1781
Læsø;2022M09;1781
Læsø;2022M10;1786
Læsø;2022M11;1798
Læsø;2022M12;1791
Læsø;2023M01;1789
Læsø;2023M02;1792
Læsø;2023M03;1795
Læsø;2023M04;1789
Læsø;2023M05;1797
Læsø;2023M06;1792
Læsø;2023M07;1779
Læsø;2023M08;1771
Læsø;2023M09;1762
Læsø;2023M10;1765
Læsø;2023M11;1762
Læsø;2023M12;1771
Læsø;2024M01;1759
Læsø;2024M02;1758
Læsø;2024M03;1755
Læsø;2024M04;1751
Mariagerfjord;2021M10;41562
Mariagerfjord;2021M11;41634
Mariagerfjord;2021M12;41696
Mariagerfjord;2022M01;41662
Mariagerfjord;2022M02;41651
Mariagerfjord;2022M03;41658
Mariagerfjord;2022M04;41653
Mariagerfjord;2022M05;41717
Mariagerfjord;2022M06;41875
Mariagerfjord;2022M07;41880
Mariagerfjord;2022M08;41941
Mariagerfjord;2022M09;41930
Mariagerfjord;2022M10;41908
Mariagerfjord;2022M11;41901
Mariagerfjord;2022M12;41890
Mariagerfjord;2023M01;41859
Mariagerfjord;2023M02;41871
Mariagerfjord;2023M03;41862
Mariagerfjord;2023M04;41900
Mariagerfjord;2023M05;41880
Mariagerfjord;2023M06;41860
Mariagerfjord;2023M07;41877
Mariagerfjord;2023M08;41800
Mariagerfjord;2023M09;41798
Mariagerfjord;2023M10;41776
Mariagerfjord;2023M11;41811
Mariagerfjord;2023M12;41774
Mariagerfjord;2024M01;41762
Mariagerfjord;2024M02;41743
Mariagerfjord;2024M03;41753
Mariagerfjord;2024M04;41763
Morsø;2021M10;20055
Morsø;2021M11;20083
Morsø;2021M12;20052
Morsø;2022M01;20068
Morsø;2022M02;20059
Morsø;2022M03;20064
Morsø;2022M04;20049
Morsø;2022M05;20100
Morsø;2022M06;20121
Morsø;2022M07;20119
Morsø;2022M08;20036
Morsø;2022M09;20027
Morsø;2022M10;20022
Morsø;2022M11;19962
Morsø;2022M12;19948
Morsø;2023M01;19927
Morsø;2023M02;19917
Morsø;2023M03;19925
Morsø;2023M04;19912
Morsø;2023M05;19921
Morsø;2023M06;19872
Morsø;2023M07;19837
Morsø;2023M08;19800
Morsø;2023M09;19847
Morsø;2023M10;19840
Morsø;2023M11;19808
Morsø;2023M12;19770
Morsø;2024M01;19734
Morsø;2024M02;19704
Morsø;2024M03;19666
Morsø;2024M04;19649
Rebild;2021M10;30638
Rebild;2021M11;30623
Rebild;2021M12;30652
Rebild;2022M01;30646
Rebild;2022M02;30658
Rebild;2022M03;30678
Rebild;2022M04;30725
Rebild;2022M05;30805
Rebild;2022M06;30917
Rebild;2022M07;30948
Rebild;2022M08;30900
Rebild;2022M09;30917
Rebild;2022M10;30908
Rebild;2022M11;30894
Rebild;2022M12;30900
Rebild;2023M01;30908
Rebild;2023M02;30901
Rebild;2023M03;30899
Rebild;2023M04;30864
Rebild;2023M05;30857
Rebild;2023M06;30881
Rebild;2023M07;30934
Rebild;2023M08;30975
Rebild;2023M09;30911
Rebild;2023M10;30894
Rebild;2023M11;30892
Rebild;2023M12;30908
Rebild;2024M01;30937
Rebild;2024M02;30911
Rebild;2024M03;30889
Rebild;2024M04;30939
Thisted;2021M10;43115
Thisted;2021M11;43125
Thisted;2021M12;43106
Thisted;2022M01;43089
Thisted;2022M02;43097
Thisted;2022M03;43079
Thisted;2022M04;43081
Thisted;2022M05;43230
Thisted;2022M06;43342
Thisted;2022M07;43415
Thisted;2022M08;43480
Thisted;2022M09;43396
Thisted;2022M10;43365
Thisted;2022M11;43369
Thisted;2022M12;43394
Thisted;2023M01;43383
Thisted;2023M02;43359
Thisted;2023M03;43351
Thisted;2023M04;43341
Thisted;2023M05;43283
Thisted;2023M06;43325
Thisted;2023M07;43328
Thisted;2023M08;43280
Thisted;2023M09;43245
Thisted;2023M10;43168
Thisted;2023M11;43131
Thisted;2023M12;43082
Thisted;2024M01;42989
Thisted;2024M02;42944
Thisted;2024M03;42939
Thisted;2024M04;42949
Vesthimmerlands;2021M10;36342
Vesthimmerlands;2021M11;36337
Vesthimmerlands;2021M12;36368
Vesthimmerlands;2022M01;36326
Vesthimmerlands;2022M02;36303
Vesthimmerlands;2022M03;36264
Vesthimmerlands;2022M04;36282
Vesthimmerlands;2022M05;36405
Vesthimmerlands;2022M06;36425
Vesthimmerlands;2022M07;36436
Vesthimmerlands;2022M08;36431
Vesthimmerlands;2022M09;36403
Vesthimmerlands;2022M10;36423
Vesthimmerlands;2022M11;36408
Vesthimmerlands;2022M12;36412
Vesthimmerlands;2023M01;36431
Vesthimmerlands;2023M02;36419
Vesthimmerlands;2023M03;36397
Vesthimmerlands;2023M04;36373
Vesthimmerlands;2023M05;36355
Vesthimmerlands;2023M06;36338
Vesthimmerlands;2023M07;36267
Vesthimmerlands;2023M08;36250
Vesthimmerlands;2023M09;36191
Vesthimmerlands;2023M10;36113
Vesthimmerlands;2023M11;36095
Vesthimmerlands;2023M12;36035
Vesthimmerlands;2024M01;36012
Vesthimmerlands;2024M02;36012
Vesthimmerlands;2024M03;35992
Vesthimmerlands;2024M04;35944
Aalborg;2021M10;221114
Aalborg;2021M11;221173
Aalborg;2021M12;221178
Aalborg;2022M01;221082
Aalborg;2022M02;221037
Aalborg;2022M03;221049
Aalborg;2022M04;221093
Aalborg;2022M05;221237
Aalborg;2022M06;221642
Aalborg;2022M07;221683
Aalborg;2022M08;221605
Aalborg;2022M09;222375
Aalborg;2022M10;222607
Aalborg;2022M11;222498
Aalborg;2022M12;222547
Aalborg;2023M01;222571
Aalborg;2023M02;222554
Aalborg;2023M03;222508
Aalborg;2023M04;222543
Aalborg;2023M05;222538
Aalborg;2023M06;222533
Aalborg;2023M07;222405
Aalborg;2023M08;222256
Aalborg;2023M09;222976
Aalborg;2023M10;223167
Aalborg;2023M11;223244
Aalborg;2023M12;223214
Aalborg;2024M01;223174
Aalborg;2024M02;223124
Aalborg;2024M03;223148
Aalborg;2024M04;223182
